id,Created date (UTC),Amount,Amount Refunded,Currency,Status,Customer ID,Customer Email,Customer Description,Description
ch_0,2025-02-11 12:00:00,56.00,0.00,usd,Paid,cus_1,user33@example.com,,
ch_1,2026-02-25 12:00:00,185.00,0.00,usd,Paid,cus_1,user50@example.com,,
ch_2,2026-08-07 12:00:00,140.00,0.00,usd,Paid,cus_1,user37@example.com,,
ch_3,2025-09-20 12:00:00,193.00,0.00,usd,Paid,cus_1,user49@example.com,,
ch_4,2026-02-05 12:00:00,158.00,0.00,usd,Failed,cus_1,user26@example.com,,
ch_5,2025-05-30 12:00:00,102.00,0.00,usd,Paid,cus_1,user29@example.com,,
ch_6,2026-02-07 12:00:00,167.00,0.00,usd,Paid,cus_1,user57@example.com,,
ch_7,2025-05-09 12:00:00,148.00,0.00,usd,Paid,cus_1,user38@example.com,,
ch_8,2026-02-07 12:00:00,86.00,0.00,usd,Paid,cus_1,user31@example.com,,
ch_9,2025-02-04 12:00:00,180.00,0.00,usd,Paid,cus_1,user10@example.com,,
ch_10,2025-10-03 12:00:00,119.00,0.00,usd,Paid,cus_1,user7@example.com,,
ch_11,2025-09-19 12:00:00,22.00,0.00,usd,Paid,cus_1,user53@example.com,,
ch_12,2025-04-20 12:00:00,139.00,0.00,usd,Paid,cus_1,user29@example.com,,
ch_13,2025-09-04 12:00:00,80.00,0.00,usd,Paid,cus_1,user14@example.com,,
ch_14,2025-03-23 12:00:00,47.00,0.00,usd,Paid,cus_1,user46@example.com,,
ch_15,2025-02-08 12:00:00,168.00,0.00,usd,Paid,cus_1,user2@example.com,,
ch_16,2025-09-16 12:00:00,126.00,0.00,usd,Paid,cus_1,user52@example.com,,
ch_17,2025-12-22 12:00:00,49.00,0.00,usd,Paid,cus_1,user53@example.com,,
ch_18,2026-02-03 12:00:00,177.00,0.00,usd,Failed,cus_1,user52@example.com,,
ch_19,2025-08-17 12:00:00,60.00,0.00,usd,Paid,cus_1,user36@example.com,,
ch_20,2026-05-17 12:00:00,63.00,0.00,usd,Paid,cus_1,user53@example.com,,
ch_21,2026-02-12 12:00:00,151.00,0.00,usd,Failed,cus_1,user42@example.com,,
ch_22,2025-06-25 12:00:00,103.00,0.00,usd,Paid,cus_1,user54@example.com,,
ch_23,2025-03-14 12:00:00,181.00,0.00,usd,Paid,cus_1,user0@example.com,,
ch_24,2026-08-13 12:00:00,96.00,0.00,usd,Paid,cus_1,user28@example.com,,
ch_25,2025-03-31 12:00:00,20.00,0.00,usd,Paid,cus_1,user47@example.com,,
ch_26,2025-10-15 12:00:00,160.00,0.00,usd,Paid,cus_1,user37@example.com,,
ch_27,2025-09-18 12:00:00,137.00,0.00,usd,Paid,cus_1,user7@example.com,,
ch_28,2025-08-17 12:00:00,98.00,0.00,usd,Paid,cus_1,user32@example.com,,
ch_29,2026-05-29 12:00:00,26.00,0.00,usd,Paid,cus_1,user55@example.com,,
ch_30,2026-04-03 12:00:00,44.00,0.00,usd,Paid,cus_1,user51@example.com,,
ch_31,2025-06-09 12:00:00,90.00,0.00,usd,Paid,cus_1,user23@example.com,,
ch_32,2025-09-16 12:00:00,74.00,0.00,usd,Paid,cus_1,user59@example.com,,
ch_33,2025-05-25 12:00:00,162.00,0.00,usd,Paid,cus_1,user39@example.com,,
ch_34,2025-01-08 12:00:00,78.00,0.00,usd,Paid,cus_1,user22@example.com,,
ch_35,2025-05-11 12:00:00,124.00,0.00,usd,Paid,cus_1,user27@example.com,,
ch_36,2026-03-27 12:00:00,48.00,0.00,usd,Paid,cus_1,user3@example.com,,
ch_37,2026-06-25 12:00:00,95.00,0.00,usd,Paid,cus_1,user20@example.com,,
ch_38,2025-07-23 12:00:00,73.00,0.00,usd,Paid,cus_1,user53@example.com,,
ch_39,2025-09-05 12:00:00,116.00,0.00,usd,Paid,cus_1,user16@example.com,,
ch_40,2025-01-02 12:00:00,145.00,0.00,usd,Paid,cus_1,user8@example.com,,
ch_41,2026-03-14 12:00:00,143.00,0.00,usd,Paid,cus_1,user33@example.com,,
ch_42,2025-10-10 12:00:00,45.00,0.00,usd,Paid,cus_1,user6@example.com,,
ch_43,2026-03-13 12:00:00,123.00,0.00,usd,Paid,cus_1,user7@example.com,,
ch_44,2026-03-27 12:00:00,152.00,0.00,usd,Paid,cus_1,user10@example.com,,
ch_45,2025-08-09 12:00:00,89.00,0.00,usd,Paid,cus_1,user53@example.com,,
ch_46,2025-12-01 12:00:00,108.00,0.00,usd,Paid,cus_1,user36@example.com,,
ch_47,2025-06-02 12:00:00,27.00,0.00,usd,Paid,cus_1,user16@example.com,,
ch_48,2026-05-09 12:00:00,172.00,0.00,usd,Paid,cus_1,user1@example.com,,
ch_49,2025-12-17 12:00:00,24.00,0.00,usd,Paid,cus_1,user44@example.com,,
ch_50,2025-07-25 12:00:00,86.00,0.00,usd,Paid,cus_1,user4@example.com,,
ch_51,2026-03-13 12:00:00,196.00,0.00,usd,Paid,cus_1,user44@example.com,,
ch_52,2026-01-15 12:00:00,68.00,0.00,usd,Paid,cus_1,user0@example.com,,
ch_53,2026-02-06 12:00:00,106.00,0.00,usd,Failed,cus_1,user21@example.com,,
ch_54,2026-02-25 12:00:00,107.00,0.00,usd,Failed,cus_1,user50@example.com,,
ch_55,2025-09-21 12:00:00,123.00,0.00,usd,Failed,cus_1,user17@example.com,,
ch_56,2025-12-28 12:00:00,177.00,0.00,usd,Paid,cus_1,user59@example.com,,
ch_57,2026-03-24 12:00:00,77.00,0.00,usd,Failed,cus_1,user30@example.com,,
ch_58,2025-12-21 12:00:00,92.00,0.00,usd,Paid,cus_1,user6@example.com,,
ch_59,2026-06-28 12:00:00,33.00,0.00,usd,Paid,cus_1,user39@example.com,,
ch_60,2025-08-19 12:00:00,157.00,0.00,usd,Paid,cus_1,user54@example.com,,
ch_61,2025-10-28 12:00:00,128.00,0.00,usd,Paid,cus_1,user39@example.com,,
ch_62,2025-01-05 12:00:00,37.00,0.00,usd,Paid,cus_1,user9@example.com,,
ch_63,2025-08-01 12:00:00,141.00,0.00,usd,Paid,cus_1,user31@example.com,,
ch_64,2025-04-12 12:00:00,124.00,0.00,usd,Paid,cus_1,user57@example.com,,
ch_65,2026-05-20 12:00:00,75.00,0.00,usd,Paid,cus_1,user35@example.com,,
ch_66,2025-02-07 12:00:00,96.00,0.00,usd,Paid,cus_1,user50@example.com,,
ch_67,2025-05-23 12:00:00,84.00,0.00,usd,Paid,cus_1,user19@example.com,,
ch_68,2026-05-03 12:00:00,54.00,0.00,usd,Paid,cus_1,user21@example.com,,
ch_69,2026-06-18 12:00:00,102.00,0.00,usd,Paid,cus_1,user17@example.com,,
ch_70,2025-02-10 12:00:00,99.00,0.00,usd,Paid,cus_1,user58@example.com,,
ch_71,2026-08-12 12:00:00,95.00,0.00,usd,Paid,cus_1,user19@example.com,,
ch_72,2025-09-28 12:00:00,60.00,0.00,usd,Paid,cus_1,user16@example.com,,
ch_73,2025-12-09 12:00:00,58.00,0.00,usd,Paid,cus_1,user24@example.com,,
ch_74,2026-03-29 12:00:00,188.00,0.00,usd,Paid,cus_1,user46@example.com,,
ch_75,2025-06-22 12:00:00,118.00,0.00,usd,Paid,cus_1,user5@example.com,,
ch_76,2026-08-20 12:00:00,72.00,0.00,usd,Paid,cus_1,user3@example.com,,
ch_77,2026-06-20 12:00:00,98.00,0.00,usd,Paid,cus_1,user26@example.com,,
ch_78,2025-04-22 12:00:00,178.00,0.00,usd,Paid,cus_1,user8@example.com,,
ch_79,2025-01-11 12:00:00,108.00,0.00,usd,Paid,cus_1,user39@example.com,,
ch_80,2025-12-29 12:00:00,152.00,0.00,usd,Paid,cus_1,user45@example.com,,
ch_81,2025-09-04 12:00:00,153.00,0.00,usd,Paid,cus_1,user2@example.com,,
ch_82,2025-12-09 12:00:00,24.00,0.00,usd,Paid,cus_1,user1@example.com,,
ch_83,2025-06-22 12:00:00,91.00,0.00,usd,Failed,cus_1,user53@example.com,,
ch_84,2025-08-03 12:00:00,129.00,0.00,usd,Paid,cus_1,user40@example.com,,
ch_85,2025-06-18 12:00:00,31.00,0.00,usd,Paid,cus_1,user31@example.com,,
ch_86,2026-02-04 12:00:00,158.00,0.00,usd,Paid,cus_1,user24@example.com,,
ch_87,2025-10-22 12:00:00,131.00,0.00,usd,Paid,cus_1,user14@example.com,,
ch_88,2025-12-08 12:00:00,127.00,0.00,usd,Failed,cus_1,user36@example.com,,
ch_89,2026-05-14 12:00:00,173.00,0.00,usd,Paid,cus_1,user37@example.com,,
ch_90,2026-06-08 12:00:00,192.00,0.00,usd,Paid,cus_1,user21@example.com,,
ch_91,2026-02-19 12:00:00,187.00,0.00,usd,Paid,cus_1,user49@example.com,,
ch_92,2025-08-30 12:00:00,152.00,0.00,usd,Paid,cus_1,user55@example.com,,
ch_93,2025-03-15 12:00:00,183.00,0.00,usd,Paid,cus_1,user43@example.com,,
ch_94,2026-02-09 12:00:00,75.00,0.00,usd,Paid,cus_1,user49@example.com,,
ch_95,2025-01-02 12:00:00,92.00,0.00,usd,Paid,cus_1,user16@example.com,,
ch_96,2025-03-29 12:00:00,66.00,0.00,usd,Failed,cus_1,user16@example.com,,
ch_97,2026-04-05 12:00:00,197.00,0.00,usd,Paid,cus_1,user19@example.com,,
ch_98,2025-04-13 12:00:00,96.00,0.00,usd,Paid,cus_1,user30@example.com,,
ch_99,2025-06-29 12:00:00,85.00,0.00,usd,Paid,cus_1,user13@example.com,,
ch_100,2025-05-10 12:00:00,30.00,0.00,usd,Paid,cus_1,user35@example.com,,
ch_101,2025-01-11 12:00:00,165.00,0.00,usd,Paid,cus_1,user19@example.com,,
ch_102,2025-01-03 12:00:00,117.00,0.00,usd,Paid,cus_1,user6@example.com,,
ch_103,2025-09-20 12:00:00,61.00,0.00,usd,Failed,cus_1,user44@example.com,,
ch_104,2025-07-24 12:00:00,38.00,0.00,usd,Paid,cus_1,user49@example.com,,
ch_105,2026-08-15 12:00:00,184.00,0.00,usd,Paid,cus_1,user33@example.com,,
ch_106,2026-08-04 12:00:00,25.00,0.00,usd,Paid,cus_1,user58@example.com,,
ch_107,2026-02-20 12:00:00,194.00,0.00,usd,Paid,cus_1,user42@example.com,,
ch_108,2025-01-05 12:00:00,155.00,0.00,usd,Paid,cus_1,user48@example.com,,
ch_109,2025-06-29 12:00:00,33.00,0.00,usd,Paid,cus_1,user41@example.com,,
ch_110,2026-03-01 12:00:00,68.00,0.00,usd,Paid,cus_1,user14@example.com,,
ch_111,2025-04-04 12:00:00,176.00,0.00,usd,Paid,cus_1,user34@example.com,,
ch_112,2026-07-12 12:00:00,105.00,0.00,usd,Paid,cus_1,user12@example.com,,
ch_113,2026-06-04 12:00:00,172.00,0.00,usd,Paid,cus_1,user52@example.com,,
ch_114,2026-02-02 12:00:00,83.00,0.00,usd,Paid,cus_1,user39@example.com,,
ch_115,2025-09-21 12:00:00,57.00,0.00,usd,Paid,cus_1,user23@example.com,,
ch_116,2026-08-16 12:00:00,90.00,0.00,usd,Paid,cus_1,user41@example.com,,
ch_117,2025-08-13 12:00:00,68.00,0.00,usd,Paid,cus_1,user42@example.com,,
ch_118,2025-01-23 12:00:00,46.00,0.00,usd,Paid,cus_1,user17@example.com,,
ch_119,2025-06-22 12:00:00,102.00,0.00,usd,Paid,cus_1,user10@example.com,,
ch_120,2025-02-03 12:00:00,175.00,0.00,usd,Paid,cus_1,user24@example.com,,
ch_121,2025-09-26 12:00:00,85.00,0.00,usd,Paid,cus_1,user40@example.com,,
ch_122,2025-09-25 12:00:00,116.00,0.00,usd,Paid,cus_1,user49@example.com,,
ch_123,2025-02-03 12:00:00,59.00,0.00,usd,Paid,cus_1,user27@example.com,,
ch_124,2025-11-05 12:00:00,113.00,0.00,usd,Paid,cus_1,user49@example.com,,
ch_125,2025-12-31 12:00:00,178.00,0.00,usd,Paid,cus_1,user18@example.com,,
ch_126,2025-10-14 12:00:00,87.00,0.00,usd,Paid,cus_1,user39@example.com,,
ch_127,2025-06-06 12:00:00,168.00,0.00,usd,Paid,cus_1,user9@example.com,,
ch_128,2026-02-04 12:00:00,35.00,0.00,usd,Paid,cus_1,user16@example.com,,
ch_129,2025-03-19 12:00:00,146.00,0.00,usd,Paid,cus_1,user29@example.com,,
ch_130,2025-11-11 12:00:00,30.00,0.00,usd,Paid,cus_1,user21@example.com,,
ch_131,2025-01-05 12:00:00,196.00,0.00,usd,Failed,cus_1,user31@example.com,,
ch_132,2026-03-18 12:00:00,130.00,0.00,usd,Paid,cus_1,user48@example.com,,
ch_133,2026-01-11 12:00:00,175.00,0.00,usd,Paid,cus_1,user48@example.com,,
ch_134,2025-07-18 12:00:00,130.00,0.00,usd,Paid,cus_1,user18@example.com,,
ch_135,2025-04-09 12:00:00,40.00,0.00,usd,Paid,cus_1,user45@example.com,,
ch_136,2025-12-12 12:00:00,113.00,0.00,usd,Failed,cus_1,user27@example.com,,
ch_137,2026-01-27 12:00:00,51.00,0.00,usd,Paid,cus_1,user3@example.com,,
ch_138,2026-03-21 12:00:00,175.00,0.00,usd,Paid,cus_1,user7@example.com,,
ch_139,2025-08-23 12:00:00,196.00,0.00,usd,Paid,cus_1,user24@example.com,,
ch_140,2025-06-27 12:00:00,195.00,0.00,usd,Paid,cus_1,user14@example.com,,
ch_141,2025-04-09 12:00:00,197.00,0.00,usd,Paid,cus_1,user20@example.com,,
ch_142,2026-06-02 12:00:00,132.00,0.00,usd,Paid,cus_1,user24@example.com,,
ch_143,2026-05-11 12:00:00,164.00,0.00,usd,Paid,cus_1,user2@example.com,,
ch_144,2026-05-31 12:00:00,70.00,0.00,usd,Paid,cus_1,user48@example.com,,
ch_145,2025-05-15 12:00:00,50.00,0.00,usd,Paid,cus_1,user35@example.com,,
ch_146,2025-01-14 12:00:00,21.00,0.00,usd,Paid,cus_1,user18@example.com,,
ch_147,2025-08-08 12:00:00,33.00,0.00,usd,Paid,cus_1,user42@example.com,,
ch_148,2025-06-01 12:00:00,52.00,0.00,usd,Paid,cus_1,user45@example.com,,
ch_149,2025-06-10 12:00:00,170.00,0.00,usd,Paid,cus_1,user17@example.com,,
ch_150,2025-05-14 12:00:00,38.00,0.00,usd,Paid,cus_1,user59@example.com,,
ch_151,2025-06-14 12:00:00,174.00,0.00,usd,Paid,cus_1,user13@example.com,,
ch_152,2026-02-07 12:00:00,158.00,0.00,usd,Paid,cus_1,user11@example.com,,
ch_153,2025-03-07 12:00:00,147.00,0.00,usd,Paid,cus_1,user13@example.com,,
ch_154,2025-03-16 12:00:00,194.00,0.00,usd,Paid,cus_1,user15@example.com,,
ch_155,2025-07-13 12:00:00,176.00,0.00,usd,Failed,cus_1,user44@example.com,,
ch_156,2025-05-31 12:00:00,160.00,0.00,usd,Paid,cus_1,user4@example.com,,
ch_157,2026-08-11 12:00:00,115.00,0.00,usd,Paid,cus_1,user22@example.com,,
ch_158,2026-06-25 12:00:00,91.00,0.00,usd,Paid,cus_1,user42@example.com,,
ch_159,2026-08-04 12:00:00,140.00,0.00,usd,Paid,cus_1,user50@example.com,,
ch_160,2026-07-25 12:00:00,167.00,0.00,usd,Paid,cus_1,user14@example.com,,
ch_161,2025-05-10 12:00:00,161.00,0.00,usd,Failed,cus_1,user7@example.com,,
ch_162,2026-03-22 12:00:00,129.00,0.00,usd,Paid,cus_1,user14@example.com,,
ch_163,2026-03-31 12:00:00,192.00,0.00,usd,Paid,cus_1,user25@example.com,,
ch_164,2025-12-07 12:00:00,191.00,0.00,usd,Failed,cus_1,user11@example.com,,
ch_165,2025-02-23 12:00:00,32.00,0.00,usd,Paid,cus_1,user55@example.com,,
ch_166,2026-04-20 12:00:00,61.00,0.00,usd,Paid,cus_1,user36@example.com,,
ch_167,2026-01-18 12:00:00,110.00,0.00,usd,Paid,cus_1,user29@example.com,,
ch_168,2025-07-25 12:00:00,159.00,0.00,usd,Paid,cus_1,user34@example.com,,
ch_169,2025-10-16 12:00:00,173.00,0.00,usd,Paid,cus_1,user8@example.com,,
ch_170,2025-08-14 12:00:00,92.00,0.00,usd,Paid,cus_1,user53@example.com,,
ch_171,2025-04-01 12:00:00,187.00,0.00,usd,Paid,cus_1,user54@example.com,,
ch_172,2026-03-11 12:00:00,151.00,0.00,usd,Paid,cus_1,user42@example.com,,
ch_173,2025-11-04 12:00:00,146.00,0.00,usd,Paid,cus_1,user24@example.com,,
ch_174,2025-07-28 12:00:00,182.00,0.00,usd,Paid,cus_1,user19@example.com,,
ch_175,2025-11-03 12:00:00,179.00,0.00,usd,Paid,cus_1,user27@example.com,,
ch_176,2025-01-13 12:00:00,136.00,0.00,usd,Paid,cus_1,user26@example.com,,
ch_177,2025-09-07 12:00:00,185.00,0.00,usd,Paid,cus_1,user10@example.com,,
ch_178,2026-06-02 12:00:00,33.00,0.00,usd,Paid,cus_1,user10@example.com,,
ch_179,2025-01-18 12:00:00,151.00,0.00,usd,Paid,cus_1,user59@example.com,,
ch_180,2026-05-12 12:00:00,114.00,0.00,usd,Paid,cus_1,user54@example.com,,
ch_181,2026-03-13 12:00:00,27.00,0.00,usd,Failed,cus_1,user42@example.com,,
ch_182,2026-03-23 12:00:00,119.00,0.00,usd,Paid,cus_1,user33@example.com,,
ch_183,2025-01-09 12:00:00,163.00,0.00,usd,Paid,cus_1,user53@example.com,,
ch_184,2025-07-24 12:00:00,185.00,0.00,usd,Paid,cus_1,user2@example.com,,
ch_185,2025-05-19 12:00:00,132.00,0.00,usd,Paid,cus_1,user28@example.com,,
ch_186,2025-05-30 12:00:00,56.00,0.00,usd,Paid,cus_1,user32@example.com,,
ch_187,2026-01-27 12:00:00,197.00,0.00,usd,Paid,cus_1,user32@example.com,,
ch_188,2025-05-07 12:00:00,38.00,0.00,usd,Paid,cus_1,user53@example.com,,
ch_189,2026-05-11 12:00:00,113.00,0.00,usd,Paid,cus_1,user2@example.com,,
ch_190,2026-06-27 12:00:00,124.00,0.00,usd,Paid,cus_1,user30@example.com,,
ch_191,2025-07-22 12:00:00,63.00,0.00,usd,Paid,cus_1,user12@example.com,,
ch_192,2026-06-27 12:00:00,190.00,0.00,usd,Paid,cus_1,user41@example.com,,
ch_193,2025-11-02 12:00:00,142.00,0.00,usd,Failed,cus_1,user36@example.com,,
ch_194,2026-06-03 12:00:00,80.00,0.00,usd,Paid,cus_1,user18@example.com,,
ch_195,2025-05-07 12:00:00,165.00,0.00,usd,Paid,cus_1,user48@example.com,,
ch_196,2025-02-07 12:00:00,179.00,0.00,usd,Paid,cus_1,user5@example.com,,
ch_197,2026-06-25 12:00:00,186.00,0.00,usd,Paid,cus_1,user29@example.com,,
ch_198,2026-07-08 12:00:00,40.00,0.00,usd,Paid,cus_1,user46@example.com,,
ch_199,2025-05-24 12:00:00,159.00,0.00,usd,Paid,cus_1,user50@example.com,,
ch_200,2025-05-24 12:00:00,101.00,0.00,usd,Paid,cus_1,user28@example.com,,
ch_201,2025-07-15 12:00:00,122.00,0.00,usd,Paid,cus_1,user53@example.com,,
ch_202,2025-03-29 12:00:00,120.00,0.00,usd,Paid,cus_1,user0@example.com,,
ch_203,2025-10-19 12:00:00,74.00,0.00,usd,Failed,cus_1,user22@example.com,,
ch_204,2026-01-19 12:00:00,180.00,0.00,usd,Paid,cus_1,user6@example.com,,
ch_205,2026-04-02 12:00:00,123.00,0.00,usd,Paid,cus_1,user44@example.com,,
ch_206,2025-06-27 12:00:00,96.00,0.00,usd,Paid,cus_1,user47@example.com,,
ch_207,2025-12-04 12:00:00,105.00,0.00,usd,Paid,cus_1,user2@example.com,,
ch_208,2025-02-22 12:00:00,24.00,0.00,usd,Paid,cus_1,user38@example.com,,
ch_209,2026-04-19 12:00:00,103.00,0.00,usd,Paid,cus_1,user17@example.com,,
ch_210,2026-06-23 12:00:00,89.00,0.00,usd,Paid,cus_1,user45@example.com,,
ch_211,2025-09-13 12:00:00,23.00,0.00,usd,Paid,cus_1,user48@example.com,,
ch_212,2026-02-28 12:00:00,108.00,0.00,usd,Paid,cus_1,user51@example.com,,
ch_213,2026-05-26 12:00:00,29.00,0.00,usd,Paid,cus_1,user7@example.com,,
ch_214,2025-11-09 12:00:00,197.00,0.00,usd,Paid,cus_1,user48@example.com,,
ch_215,2025-09-12 12:00:00,78.00,0.00,usd,Paid,cus_1,user37@example.com,,
ch_216,2026-03-23 12:00:00,165.00,0.00,usd,Paid,cus_1,user0@example.com,,
ch_217,2025-01-06 12:00:00,58.00,0.00,usd,Paid,cus_1,user45@example.com,,
ch_218,2025-06-02 12:00:00,109.00,0.00,usd,Paid,cus_1,user38@example.com,,
ch_219,2025-09-11 12:00:00,162.00,0.00,usd,Paid,cus_1,user9@example.com,,
ch_220,2025-05-16 12:00:00,122.00,0.00,usd,Paid,cus_1,user39@example.com,,
ch_221,2025-12-05 12:00:00,69.00,0.00,usd,Paid,cus_1,user8@example.com,,
ch_222,2025-04-30 12:00:00,52.00,0.00,usd,Paid,cus_1,user38@example.com,,
ch_223,2025-10-12 12:00:00,89.00,0.00,usd,Paid,cus_1,user0@example.com,,
ch_224,2025-05-29 12:00:00,199.00,0.00,usd,Paid,cus_1,user4@example.com,,
ch_225,2026-04-13 12:00:00,130.00,0.00,usd,Paid,cus_1,user19@example.com,,
ch_226,2025-05-17 12:00:00,120.00,0.00,usd,Paid,cus_1,user48@example.com,,
ch_227,2026-01-04 12:00:00,134.00,0.00,usd,Paid,cus_1,user18@example.com,,
ch_228,2026-05-02 12:00:00,67.00,0.00,usd,Paid,cus_1,user0@example.com,,
ch_229,2025-11-15 12:00:00,78.00,0.00,usd,Paid,cus_1,user31@example.com,,
ch_230,2025-03-03 12:00:00,21.00,0.00,usd,Paid,cus_1,user38@example.com,,
ch_231,2026-04-20 12:00:00,20.00,0.00,usd,Paid,cus_1,user8@example.com,,
ch_232,2026-02-06 12:00:00,177.00,0.00,usd,Paid,cus_1,user14@example.com,,
ch_233,2025-10-11 12:00:00,66.00,0.00,usd,Paid,cus_1,user10@example.com,,
ch_234,2025-04-03 12:00:00,104.00,0.00,usd,Paid,cus_1,user5@example.com,,
ch_235,2025-05-05 12:00:00,162.00,0.00,usd,Paid,cus_1,user13@example.com,,
ch_236,2025-12-03 12:00:00,163.00,0.00,usd,Paid,cus_1,user28@example.com,,
ch_237,2025-03-26 12:00:00,130.00,0.00,usd,Failed,cus_1,user22@example.com,,
ch_238,2025-06-19 12:00:00,66.00,0.00,usd,Failed,cus_1,user6@example.com,,
ch_239,2025-12-29 12:00:00,67.00,0.00,usd,Paid,cus_1,user39@example.com,,
ch_240,2025-03-23 12:00:00,136.00,0.00,usd,Paid,cus_1,user13@example.com,,
ch_241,2025-03-06 12:00:00,37.00,0.00,usd,Paid,cus_1,user21@example.com,,
ch_242,2026-02-06 12:00:00,114.00,0.00,usd,Failed,cus_1,user20@example.com,,
ch_243,2026-03-17 12:00:00,152.00,0.00,usd,Failed,cus_1,user38@example.com,,
ch_244,2025-03-14 12:00:00,68.00,0.00,usd,Paid,cus_1,user22@example.com,,
ch_245,2026-06-24 12:00:00,147.00,0.00,usd,Paid,cus_1,user44@example.com,,
ch_246,2025-05-03 12:00:00,134.00,0.00,usd,Paid,cus_1,user0@example.com,,
ch_247,2025-08-19 12:00:00,97.00,0.00,usd,Paid,cus_1,user42@example.com,,
ch_248,2025-05-24 12:00:00,69.00,0.00,usd,Paid,cus_1,user45@example.com,,
ch_249,2026-06-06 12:00:00,177.00,0.00,usd,Paid,cus_1,user10@example.com,,
ch_250,2026-08-17 12:00:00,99.00,0.00,usd,Paid,cus_1,user42@example.com,,
ch_251,2025-04-24 12:00:00,88.00,0.00,usd,Failed,cus_1,user7@example.com,,
ch_252,2025-07-04 12:00:00,200.00,0.00,usd,Paid,cus_1,user28@example.com,,
ch_253,2026-08-07 12:00:00,83.00,0.00,usd,Paid,cus_1,user27@example.com,,
ch_254,2025-02-25 12:00:00,56.00,0.00,usd,Paid,cus_1,user51@example.com,,
ch_255,2026-01-04 12:00:00,148.00,0.00,usd,Paid,cus_1,user47@example.com,,
ch_256,2026-01-20 12:00:00,42.00,0.00,usd,Failed,cus_1,user27@example.com,,
ch_257,2025-05-13 12:00:00,195.00,0.00,usd,Paid,cus_1,user14@example.com,,
ch_258,2026-03-15 12:00:00,144.00,0.00,usd,Paid,cus_1,user37@example.com,,
ch_259,2026-01-06 12:00:00,156.00,0.00,usd,Paid,cus_1,user11@example.com,,
ch_260,2025-03-05 12:00:00,200.00,0.00,usd,Paid,cus_1,user12@example.com,,
ch_261,2025-01-20 12:00:00,108.00,0.00,usd,Paid,cus_1,user15@example.com,,
ch_262,2026-06-24 12:00:00,154.00,0.00,usd,Paid,cus_1,user35@example.com,,
ch_263,2026-03-01 12:00:00,62.00,0.00,usd,Paid,cus_1,user0@example.com,,
ch_264,2025-08-13 12:00:00,150.00,0.00,usd,Paid,cus_1,user3@example.com,,
ch_265,2025-06-09 12:00:00,160.00,0.00,usd,Paid,cus_1,user51@example.com,,
ch_266,2025-01-26 12:00:00,56.00,0.00,usd,Paid,cus_1,user17@example.com,,
ch_267,2025-08-24 12:00:00,112.00,0.00,usd,Paid,cus_1,user46@example.com,,
ch_268,2025-05-22 12:00:00,44.00,0.00,usd,Paid,cus_1,user56@example.com,,
ch_269,2026-02-27 12:00:00,111.00,0.00,usd,Failed,cus_1,user55@example.com,,
ch_270,2025-02-13 12:00:00,160.00,0.00,usd,Paid,cus_1,user54@example.com,,
ch_271,2026-04-15 12:00:00,29.00,0.00,usd,Paid,cus_1,user19@example.com,,
ch_272,2025-11-04 12:00:00,192.00,0.00,usd,Paid,cus_1,user19@example.com,,
ch_273,2026-01-30 12:00:00,143.00,0.00,usd,Paid,cus_1,user43@example.com,,
ch_274,2025-05-03 12:00:00,169.00,0.00,usd,Paid,cus_1,user45@example.com,,
ch_275,2025-04-19 12:00:00,128.00,0.00,usd,Paid,cus_1,user13@example.com,,
ch_276,2025-05-07 12:00:00,181.00,0.00,usd,Paid,cus_1,user15@example.com,,
ch_277,2026-04-26 12:00:00,38.00,0.00,usd,Paid,cus_1,user21@example.com,,
ch_278,2025-08-08 12:00:00,95.00,0.00,usd,Paid,cus_1,user55@example.com,,
ch_279,2026-04-22 12:00:00,139.00,0.00,usd,Paid,cus_1,user36@example.com,,
ch_280,2026-06-06 12:00:00,73.00,0.00,usd,Paid,cus_1,user24@example.com,,
ch_281,2025-03-27 12:00:00,27.00,0.00,usd,Paid,cus_1,user19@example.com,,
ch_282,2026-04-06 12:00:00,72.00,0.00,usd,Paid,cus_1,user52@example.com,,
ch_283,2026-03-01 12:00:00,67.00,0.00,usd,Failed,cus_1,user59@example.com,,
ch_284,2026-02-09 12:00:00,116.00,0.00,usd,Paid,cus_1,user14@example.com,,
ch_285,2025-09-10 12:00:00,146.00,0.00,usd,Paid,cus_1,user18@example.com,,
ch_286,2025-10-02 12:00:00,141.00,0.00,usd,Paid,cus_1,user57@example.com,,
ch_287,2025-12-27 12:00:00,48.00,0.00,usd,Failed,cus_1,user46@example.com,,
ch_288,2025-05-03 12:00:00,74.00,0.00,usd,Paid,cus_1,user24@example.com,,
ch_289,2025-08-09 12:00:00,127.00,0.00,usd,Paid,cus_1,user46@example.com,,
ch_290,2025-06-30 12:00:00,199.00,0.00,usd,Paid,cus_1,user27@example.com,,
ch_291,2026-01-18 12:00:00,154.00,0.00,usd,Paid,cus_1,user51@example.com,,
ch_292,2025-03-11 12:00:00,151.00,0.00,usd,Paid,cus_1,user2@example.com,,
ch_293,2026-08-20 12:00:00,74.00,0.00,usd,Paid,cus_1,user34@example.com,,
ch_294,2026-04-22 12:00:00,187.00,0.00,usd,Paid,cus_1,user19@example.com,,
ch_295,2026-05-02 12:00:00,54.00,0.00,usd,Paid,cus_1,user45@example.com,,
ch_296,2026-04-08 12:00:00,131.00,0.00,usd,Failed,cus_1,user22@example.com,,
ch_297,2026-03-23 12:00:00,113.00,0.00,usd,Paid,cus_1,user49@example.com,,
ch_298,2025-10-04 12:00:00,72.00,0.00,usd,Paid,cus_1,user36@example.com,,
ch_299,2026-05-01 12:00:00,89.00,0.00,usd,Failed,cus_1,user26@example.com,,
ch_300,2025-10-19 12:00:00,90.00,0.00,usd,Paid,cus_1,user4@example.com,,
ch_301,2025-04-24 12:00:00,103.00,0.00,usd,Paid,cus_1,user58@example.com,,
ch_302,2025-10-22 12:00:00,152.00,0.00,usd,Paid,cus_1,user32@example.com,,
ch_303,2025-11-24 12:00:00,83.00,0.00,usd,Paid,cus_1,user10@example.com,,
ch_304,2025-09-18 12:00:00,83.00,0.00,usd,Paid,cus_1,user53@example.com,,
ch_305,2025-01-31 12:00:00,192.00,0.00,usd,Paid,cus_1,user25@example.com,,
ch_306,2025-08-19 12:00:00,54.00,0.00,usd,Paid,cus_1,user5@example.com,,
ch_307,2025-06-19 12:00:00,139.00,0.00,usd,Failed,cus_1,user46@example.com,,
ch_308,2026-01-24 12:00:00,76.00,0.00,usd,Paid,cus_1,user38@example.com,,
ch_309,2026-02-05 12:00:00,88.00,0.00,usd,Paid,cus_1,user18@example.com,,
ch_310,2025-06-03 12:00:00,50.00,0.00,usd,Paid,cus_1,user18@example.com,,
ch_311,2025-11-05 12:00:00,196.00,0.00,usd,Paid,cus_1,user35@example.com,,
ch_312,2025-03-04 12:00:00,189.00,0.00,usd,Paid,cus_1,user6@example.com,,
ch_313,2025-06-19 12:00:00,152.00,0.00,usd,Paid,cus_1,user52@example.com,,
ch_314,2026-03-20 12:00:00,48.00,0.00,usd,Paid,cus_1,user22@example.com,,
ch_315,2025-11-22 12:00:00,98.00,0.00,usd,Paid,cus_1,user19@example.com,,
ch_316,2026-04-08 12:00:00,28.00,0.00,usd,Paid,cus_1,user18@example.com,,
ch_317,2026-07-27 12:00:00,180.00,0.00,usd,Paid,cus_1,user16@example.com,,
ch_318,2025-10-08 12:00:00,63.00,0.00,usd,Paid,cus_1,user32@example.com,,
ch_319,2025-12-13 12:00:00,162.00,0.00,usd,Paid,cus_1,user57@example.com,,
ch_320,2025-02-06 12:00:00,52.00,0.00,usd,Paid,cus_1,user24@example.com,,
ch_321,2025-11-27 12:00:00,106.00,0.00,usd,Paid,cus_1,user10@example.com,,
ch_322,2025-10-27 12:00:00,26.00,0.00,usd,Paid,cus_1,user1@example.com,,
ch_323,2026-07-11 12:00:00,183.00,0.00,usd,Failed,cus_1,user36@example.com,,
ch_324,2025-01-24 12:00:00,127.00,0.00,usd,Paid,cus_1,user52@example.com,,
ch_325,2026-04-21 12:00:00,26.00,0.00,usd,Failed,cus_1,user32@example.com,,
ch_326,2026-02-03 12:00:00,47.00,0.00,usd,Paid,cus_1,user55@example.com,,
ch_327,2026-08-12 12:00:00,165.00,0.00,usd,Paid,cus_1,user50@example.com,,
ch_328,2026-01-28 12:00:00,42.00,0.00,usd,Paid,cus_1,user55@example.com,,
ch_329,2025-08-08 12:00:00,110.00,0.00,usd,Failed,cus_1,user2@example.com,,
ch_330,2026-02-24 12:00:00,140.00,0.00,usd,Paid,cus_1,user20@example.com,,
ch_331,2025-07-13 12:00:00,22.00,0.00,usd,Paid,cus_1,user30@example.com,,
ch_332,2026-04-28 12:00:00,84.00,0.00,usd,Paid,cus_1,user40@example.com,,
ch_333,2026-06-12 12:00:00,45.00,0.00,usd,Paid,cus_1,user28@example.com,,
ch_334,2026-07-19 12:00:00,152.00,0.00,usd,Paid,cus_1,user50@example.com,,
ch_335,2025-04-06 12:00:00,33.00,0.00,usd,Paid,cus_1,user9@example.com,,
ch_336,2025-12-26 12:00:00,70.00,0.00,usd,Paid,cus_1,user29@example.com,,
ch_337,2026-01-06 12:00:00,48.00,0.00,usd,Failed,cus_1,user38@example.com,,
ch_338,2025-12-06 12:00:00,189.00,0.00,usd,Paid,cus_1,user55@example.com,,
ch_339,2025-07-28 12:00:00,174.00,0.00,usd,Paid,cus_1,user10@example.com,,
ch_340,2025-06-14 12:00:00,104.00,0.00,usd,Paid,cus_1,user13@example.com,,
ch_341,2025-10-28 12:00:00,162.00,0.00,usd,Failed,cus_1,user4@example.com,,
ch_342,2026-05-18 12:00:00,164.00,0.00,usd,Paid,cus_1,user52@example.com,,
ch_343,2026-05-28 12:00:00,133.00,0.00,usd,Paid,cus_1,user23@example.com,,
ch_344,2026-06-20 12:00:00,183.00,0.00,usd,Paid,cus_1,user30@example.com,,
ch_345,2025-06-28 12:00:00,193.00,0.00,usd,Paid,cus_1,user0@example.com,,
ch_346,2025-06-29 12:00:00,98.00,0.00,usd,Paid,cus_1,user41@example.com,,
ch_347,2025-06-03 12:00:00,73.00,0.00,usd,Paid,cus_1,user44@example.com,,
ch_348,2025-09-07 12:00:00,137.00,0.00,usd,Paid,cus_1,user5@example.com,,
ch_349,2026-05-12 12:00:00,149.00,0.00,usd,Paid,cus_1,user24@example.com,,
ch_350,2026-02-08 12:00:00,176.00,0.00,usd,Paid,cus_1,user34@example.com,,
ch_351,2026-06-01 12:00:00,194.00,0.00,usd,Paid,cus_1,user30@example.com,,
ch_352,2025-10-14 12:00:00,142.00,0.00,usd,Paid,cus_1,user42@example.com,,
ch_353,2025-07-22 12:00:00,116.00,0.00,usd,Paid,cus_1,user59@example.com,,
ch_354,2025-10-08 12:00:00,176.00,0.00,usd,Paid,cus_1,user28@example.com,,
ch_355,2025-08-11 12:00:00,59.00,0.00,usd,Paid,cus_1,user28@example.com,,
ch_356,2025-03-05 12:00:00,108.00,0.00,usd,Paid,cus_1,user42@example.com,,
ch_357,2025-06-09 12:00:00,93.00,0.00,usd,Failed,cus_1,user49@example.com,,
ch_358,2026-08-06 12:00:00,145.00,0.00,usd,Paid,cus_1,user9@example.com,,
ch_359,2025-03-08 12:00:00,189.00,0.00,usd,Failed,cus_1,user25@example.com,,
ch_360,2025-03-16 12:00:00,38.00,0.00,usd,Paid,cus_1,user54@example.com,,
ch_361,2025-01-31 12:00:00,190.00,0.00,usd,Paid,cus_1,user52@example.com,,
ch_362,2025-03-31 12:00:00,53.00,0.00,usd,Paid,cus_1,user16@example.com,,
ch_363,2025-03-04 12:00:00,73.00,0.00,usd,Paid,cus_1,user21@example.com,,
ch_364,2025-10-13 12:00:00,189.00,0.00,usd,Paid,cus_1,user12@example.com,,
ch_365,2025-06-12 12:00:00,124.00,0.00,usd,Paid,cus_1,user22@example.com,,
ch_366,2025-04-29 12:00:00,128.00,0.00,usd,Paid,cus_1,user53@example.com,,
ch_367,2025-12-08 12:00:00,148.00,0.00,usd,Paid,cus_1,user0@example.com,,
ch_368,2025-02-27 12:00:00,57.00,0.00,usd,Paid,cus_1,user49@example.com,,
ch_369,2025-08-05 12:00:00,71.00,0.00,usd,Paid,cus_1,user55@example.com,,
ch_370,2025-06-14 12:00:00,136.00,0.00,usd,Paid,cus_1,user1@example.com,,
ch_371,2025-12-01 12:00:00,199.00,0.00,usd,Failed,cus_1,user18@example.com,,
ch_372,2025-11-14 12:00:00,59.00,0.00,usd,Paid,cus_1,user3@example.com,,
ch_373,2025-02-14 12:00:00,93.00,0.00,usd,Paid,cus_1,user48@example.com,,
ch_374,2025-01-25 12:00:00,179.00,0.00,usd,Paid,cus_1,user1@example.com,,
ch_375,2025-06-01 12:00:00,84.00,0.00,usd,Paid,cus_1,user14@example.com,,
ch_376,2025-09-20 12:00:00,187.00,0.00,usd,Failed,cus_1,user31@example.com,,
ch_377,2026-05-27 12:00:00,69.00,0.00,usd,Paid,cus_1,user8@example.com,,
ch_378,2025-10-20 12:00:00,27.00,0.00,usd,Paid,cus_1,user10@example.com,,
ch_379,2025-06-29 12:00:00,82.00,0.00,usd,Failed,cus_1,user39@example.com,,
ch_380,2026-04-17 12:00:00,47.00,0.00,usd,Paid,cus_1,user59@example.com,,
ch_381,2025-07-20 12:00:00,165.00,0.00,usd,Paid,cus_1,user41@example.com,,
ch_382,2025-06-24 12:00:00,89.00,0.00,usd,Paid,cus_1,user5@example.com,,
ch_383,2025-11-04 12:00:00,79.00,0.00,usd,Paid,cus_1,user52@example.com,,
ch_384,2025-11-01 12:00:00,159.00,0.00,usd,Paid,cus_1,user59@example.com,,
ch_385,2025-11-05 12:00:00,55.00,0.00,usd,Paid,cus_1,user52@example.com,,
ch_386,2026-07-01 12:00:00,50.00,0.00,usd,Paid,cus_1,user33@example.com,,
ch_387,2025-04-13 12:00:00,73.00,0.00,usd,Paid,cus_1,user25@example.com,,
ch_388,2025-04-11 12:00:00,27.00,0.00,usd,Paid,cus_1,user30@example.com,,
ch_389,2025-01-08 12:00:00,95.00,0.00,usd,Paid,cus_1,user30@example.com,,
ch_390,2026-01-13 12:00:00,66.00,0.00,usd,Paid,cus_1,user30@example.com,,
ch_391,2026-07-16 12:00:00,71.00,0.00,usd,Paid,cus_1,user47@example.com,,
ch_392,2026-07-02 12:00:00,184.00,0.00,usd,Paid,cus_1,user8@example.com,,
ch_393,2026-03-20 12:00:00,198.00,0.00,usd,Paid,cus_1,user45@example.com,,
ch_394,2026-01-09 12:00:00,145.00,0.00,usd,Paid,cus_1,user3@example.com,,
ch_395,2025-09-09 12:00:00,49.00,0.00,usd,Paid,cus_1,user4@example.com,,
ch_396,2025-02-13 12:00:00,74.00,0.00,usd,Paid,cus_1,user21@example.com,,
ch_397,2026-02-21 12:00:00,135.00,0.00,usd,Paid,cus_1,user52@example.com,,
ch_398,2026-04-17 12:00:00,188.00,0.00,usd,Failed,cus_1,user47@example.com,,
ch_399,2026-04-05 12:00:00,115.00,0.00,usd,Paid,cus_1,user13@example.com,,
ch_400,2025-09-23 12:00:00,53.00,0.00,usd,Paid,cus_1,user48@example.com,,
ch_401,2025-04-21 12:00:00,126.00,0.00,usd,Paid,cus_1,user20@example.com,,
ch_402,2025-04-16 12:00:00,21.00,0.00,usd,Paid,cus_1,user12@example.com,,
ch_403,2026-01-29 12:00:00,69.00,0.00,usd,Paid,cus_1,user52@example.com,,
ch_404,2025-11-13 12:00:00,188.00,0.00,usd,Paid,cus_1,user58@example.com,,
ch_405,2025-08-27 12:00:00,27.00,0.00,usd,Paid,cus_1,user38@example.com,,
ch_406,2025-10-12 12:00:00,98.00,0.00,usd,Paid,cus_1,user51@example.com,,
ch_407,2025-04-28 12:00:00,23.00,0.00,usd,Paid,cus_1,user46@example.com,,
ch_408,2025-06-08 12:00:00,197.00,0.00,usd,Failed,cus_1,user48@example.com,,
ch_409,2026-02-03 12:00:00,145.00,0.00,usd,Paid,cus_1,user49@example.com,,
ch_410,2025-04-26 12:00:00,77.00,0.00,usd,Failed,cus_1,user22@example.com,,
ch_411,2025-03-05 12:00:00,41.00,0.00,usd,Paid,cus_1,user10@example.com,,
ch_412,2025-07-22 12:00:00,129.00,0.00,usd,Paid,cus_1,user47@example.com,,
ch_413,2026-01-23 12:00:00,122.00,0.00,usd,Failed,cus_1,user22@example.com,,
ch_414,2025-03-26 12:00:00,29.00,0.00,usd,Paid,cus_1,user29@example.com,,
ch_415,2026-08-11 12:00:00,110.00,0.00,usd,Paid,cus_1,user44@example.com,,
ch_416,2026-01-17 12:00:00,104.00,0.00,usd,Paid,cus_1,user56@example.com,,
ch_417,2025-01-12 12:00:00,49.00,0.00,usd,Paid,cus_1,user19@example.com,,
ch_418,2025-10-07 12:00:00,34.00,0.00,usd,Paid,cus_1,user30@example.com,,
ch_419,2025-10-11 12:00:00,33.00,0.00,usd,Paid,cus_1,user20@example.com,,
ch_420,2026-03-15 12:00:00,136.00,0.00,usd,Failed,cus_1,user56@example.com,,
ch_421,2026-07-30 12:00:00,151.00,0.00,usd,Paid,cus_1,user10@example.com,,
ch_422,2026-06-08 12:00:00,30.00,0.00,usd,Paid,cus_1,user16@example.com,,
ch_423,2025-07-16 12:00:00,100.00,0.00,usd,Paid,cus_1,user47@example.com,,
ch_424,2025-04-25 12:00:00,176.00,0.00,usd,Paid,cus_1,user26@example.com,,
ch_425,2026-03-08 12:00:00,164.00,0.00,usd,Paid,cus_1,user38@example.com,,
ch_426,2025-05-13 12:00:00,43.00,0.00,usd,Paid,cus_1,user15@example.com,,
ch_427,2025-10-14 12:00:00,166.00,0.00,usd,Paid,cus_1,user29@example.com,,
ch_428,2026-03-12 12:00:00,24.00,0.00,usd,Paid,cus_1,user19@example.com,,
ch_429,2026-06-07 12:00:00,55.00,0.00,usd,Paid,cus_1,user26@example.com,,
ch_430,2025-02-07 12:00:00,139.00,0.00,usd,Paid,cus_1,user58@example.com,,
ch_431,2026-05-23 12:00:00,152.00,0.00,usd,Paid,cus_1,user24@example.com,,
ch_432,2025-04-19 12:00:00,196.00,0.00,usd,Paid,cus_1,user26@example.com,,
ch_433,2026-04-20 12:00:00,47.00,0.00,usd,Paid,cus_1,user27@example.com,,
ch_434,2026-02-25 12:00:00,26.00,0.00,usd,Paid,cus_1,user38@example.com,,
ch_435,2025-03-05 12:00:00,94.00,0.00,usd,Paid,cus_1,user20@example.com,,
ch_436,2026-06-03 12:00:00,27.00,0.00,usd,Paid,cus_1,user34@example.com,,
ch_437,2025-02-26 12:00:00,75.00,0.00,usd,Paid,cus_1,user47@example.com,,
ch_438,2025-04-10 12:00:00,61.00,0.00,usd,Paid,cus_1,user47@example.com,,
ch_439,2026-02-27 12:00:00,153.00,0.00,usd,Paid,cus_1,user5@example.com,,
ch_440,2026-06-21 12:00:00,146.00,0.00,usd,Paid,cus_1,user4@example.com,,
ch_441,2026-03-13 12:00:00,113.00,0.00,usd,Paid,cus_1,user50@example.com,,
ch_442,2026-04-17 12:00:00,123.00,0.00,usd,Failed,cus_1,user20@example.com,,
ch_443,2025-10-16 12:00:00,147.00,0.00,usd,Paid,cus_1,user4@example.com,,
ch_444,2026-06-27 12:00:00,54.00,0.00,usd,Paid,cus_1,user40@example.com,,
ch_445,2025-04-01 12:00:00,72.00,0.00,usd,Failed,cus_1,user38@example.com,,
ch_446,2026-01-08 12:00:00,142.00,0.00,usd,Paid,cus_1,user9@example.com,,
ch_447,2025-06-28 12:00:00,199.00,0.00,usd,Paid,cus_1,user27@example.com,,
ch_448,2025-02-16 12:00:00,39.00,0.00,usd,Paid,cus_1,user40@example.com,,
ch_449,2025-11-16 12:00:00,195.00,0.00,usd,Paid,cus_1,user46@example.com,,
ch_450,2026-01-05 12:00:00,114.00,0.00,usd,Paid,cus_1,user26@example.com,,
ch_451,2026-02-13 12:00:00,141.00,0.00,usd,Paid,cus_1,user23@example.com,,
ch_452,2025-11-30 12:00:00,179.00,0.00,usd,Paid,cus_1,user9@example.com,,
ch_453,2025-05-16 12:00:00,199.00,0.00,usd,Paid,cus_1,user16@example.com,,
ch_454,2025-09-16 12:00:00,129.00,0.00,usd,Failed,cus_1,user30@example.com,,
ch_455,2025-02-19 12:00:00,95.00,0.00,usd,Paid,cus_1,user51@example.com,,
ch_456,2026-05-21 12:00:00,108.00,0.00,usd,Paid,cus_1,user8@example.com,,
ch_457,2026-04-03 12:00:00,57.00,0.00,usd,Paid,cus_1,user54@example.com,,
ch_458,2025-06-04 12:00:00,79.00,0.00,usd,Paid,cus_1,user49@example.com,,
ch_459,2025-03-13 12:00:00,194.00,0.00,usd,Paid,cus_1,user36@example.com,,
ch_460,2026-01-09 12:00:00,63.00,0.00,usd,Paid,cus_1,user40@example.com,,
ch_461,2026-02-24 12:00:00,97.00,0.00,usd,Paid,cus_1,user14@example.com,,
ch_462,2025-01-11 12:00:00,187.00,0.00,usd,Paid,cus_1,user22@example.com,,
ch_463,2025-03-24 12:00:00,87.00,0.00,usd,Paid,cus_1,user46@example.com,,
ch_464,2026-02-07 12:00:00,137.00,0.00,usd,Paid,cus_1,user27@example.com,,
ch_465,2025-09-17 12:00:00,144.00,0.00,usd,Paid,cus_1,user9@example.com,,
ch_466,2025-11-26 12:00:00,57.00,0.00,usd,Paid,cus_1,user47@example.com,,
ch_467,2026-01-26 12:00:00,51.00,0.00,usd,Paid,cus_1,user50@example.com,,
ch_468,2025-11-26 12:00:00,56.00,0.00,usd,Paid,cus_1,user40@example.com,,
ch_469,2026-06-18 12:00:00,134.00,0.00,usd,Paid,cus_1,user9@example.com,,
ch_470,2026-05-21 12:00:00,59.00,0.00,usd,Paid,cus_1,user12@example.com,,
ch_471,2026-02-13 12:00:00,105.00,0.00,usd,Paid,cus_1,user31@example.com,,
ch_472,2025-10-24 12:00:00,29.00,0.00,usd,Paid,cus_1,user5@example.com,,
ch_473,2025-08-08 12:00:00,26.00,0.00,usd,Failed,cus_1,user20@example.com,,
ch_474,2026-02-19 12:00:00,94.00,0.00,usd,Paid,cus_1,user19@example.com,,
ch_475,2026-03-19 12:00:00,109.00,0.00,usd,Paid,cus_1,user57@example.com,,
ch_476,2025-11-29 12:00:00,194.00,0.00,usd,Paid,cus_1,user7@example.com,,
ch_477,2026-01-16 12:00:00,28.00,0.00,usd,Paid,cus_1,user13@example.com,,
ch_478,2025-04-22 12:00:00,174.00,0.00,usd,Paid,cus_1,user1@example.com,,
ch_479,2025-09-22 12:00:00,105.00,0.00,usd,Paid,cus_1,user25@example.com,,
ch_480,2026-04-17 12:00:00,95.00,0.00,usd,Paid,cus_1,user17@example.com,,
ch_481,2026-01-17 12:00:00,56.00,0.00,usd,Paid,cus_1,user3@example.com,,
ch_482,2025-04-17 12:00:00,116.00,0.00,usd,Paid,cus_1,user58@example.com,,
ch_483,2025-11-17 12:00:00,21.00,0.00,usd,Paid,cus_1,user40@example.com,,
ch_484,2025-08-29 12:00:00,54.00,0.00,usd,Paid,cus_1,user9@example.com,,
ch_485,2025-07-28 12:00:00,144.00,0.00,usd,Paid,cus_1,user57@example.com,,
ch_486,2025-10-16 12:00:00,108.00,0.00,usd,Paid,cus_1,user41@example.com,,
ch_487,2025-08-01 12:00:00,177.00,0.00,usd,Paid,cus_1,user38@example.com,,
ch_488,2026-04-11 12:00:00,90.00,0.00,usd,Paid,cus_1,user29@example.com,,
ch_489,2026-04-27 12:00:00,113.00,0.00,usd,Paid,cus_1,user27@example.com,,
ch_490,2025-03-11 12:00:00,77.00,0.00,usd,Paid,cus_1,user3@example.com,,
ch_491,2025-11-29 12:00:00,46.00,0.00,usd,Paid,cus_1,user34@example.com,,
ch_492,2026-05-27 12:00:00,104.00,0.00,usd,Paid,cus_1,user57@example.com,,
ch_493,2025-07-27 12:00:00,37.00,0.00,usd,Paid,cus_1,user31@example.com,,
ch_494,2026-05-14 12:00:00,139.00,0.00,usd,Paid,cus_1,user29@example.com,,
ch_495,2026-07-11 12:00:00,40.00,0.00,usd,Paid,cus_1,user38@example.com,,
ch_496,2025-10-14 12:00:00,159.00,0.00,usd,Paid,cus_1,user45@example.com,,
ch_497,2026-08-09 12:00:00,53.00,0.00,usd,Paid,cus_1,user5@example.com,,
ch_498,2025-05-29 12:00:00,117.00,0.00,usd,Paid,cus_1,user27@example.com,,
ch_499,2026-07-25 12:00:00,75.00,0.00,usd,Paid,cus_1,user0@example.com,,
ch_500,2026-07-28 12:00:00,193.00,0.00,usd,Failed,cus_1,user7@example.com,,
ch_501,2025-04-14 12:00:00,40.00,0.00,usd,Paid,cus_1,user7@example.com,,
ch_502,2026-08-20 12:00:00,163.00,0.00,usd,Paid,cus_1,user26@example.com,,
ch_503,2026-02-09 12:00:00,39.00,0.00,usd,Paid,cus_1,user54@example.com,,
ch_504,2026-04-07 12:00:00,96.00,0.00,usd,Paid,cus_1,user59@example.com,,
ch_505,2026-03-28 12:00:00,121.00,0.00,usd,Failed,cus_1,user34@example.com,,
ch_506,2025-05-17 12:00:00,137.00,0.00,usd,Failed,cus_1,user30@example.com,,
ch_507,2026-02-01 12:00:00,47.00,0.00,usd,Paid,cus_1,user17@example.com,,
ch_508,2025-05-25 12:00:00,87.00,0.00,usd,Paid,cus_1,user6@example.com,,
ch_509,2025-06-20 12:00:00,188.00,0.00,usd,Paid,cus_1,user0@example.com,,
ch_510,2025-12-01 12:00:00,106.00,0.00,usd,Paid,cus_1,user10@example.com,,
ch_511,2026-03-08 12:00:00,132.00,0.00,usd,Failed,cus_1,user1@example.com,,
ch_512,2026-03-18 12:00:00,160.00,0.00,usd,Failed,cus_1,user25@example.com,,
ch_513,2025-05-06 12:00:00,193.00,0.00,usd,Paid,cus_1,user3@example.com,,
ch_514,2025-01-29 12:00:00,54.00,0.00,usd,Paid,cus_1,user55@example.com,,
ch_515,2026-06-02 12:00:00,144.00,0.00,usd,Paid,cus_1,user20@example.com,,
ch_516,2025-05-12 12:00:00,93.00,0.00,usd,Failed,cus_1,user8@example.com,,
ch_517,2026-08-06 12:00:00,164.00,0.00,usd,Paid,cus_1,user35@example.com,,
ch_518,2025-05-25 12:00:00,57.00,0.00,usd,Failed,cus_1,user15@example.com,,
ch_519,2025-07-23 12:00:00,27.00,0.00,usd,Paid,cus_1,user31@example.com,,
ch_520,2026-07-27 12:00:00,137.00,0.00,usd,Paid,cus_1,user30@example.com,,
ch_521,2026-03-15 12:00:00,155.00,0.00,usd,Paid,cus_1,user26@example.com,,
ch_522,2025-09-02 12:00:00,117.00,0.00,usd,Paid,cus_1,user39@example.com,,
ch_523,2025-01-28 12:00:00,154.00,0.00,usd,Paid,cus_1,user6@example.com,,
ch_524,2026-06-10 12:00:00,82.00,0.00,usd,Paid,cus_1,user16@example.com,,
ch_525,2025-05-13 12:00:00,153.00,0.00,usd,Paid,cus_1,user36@example.com,,
ch_526,2026-07-15 12:00:00,114.00,0.00,usd,Paid,cus_1,user57@example.com,,
ch_527,2025-05-05 12:00:00,43.00,0.00,usd,Paid,cus_1,user25@example.com,,
ch_528,2026-03-29 12:00:00,113.00,0.00,usd,Paid,cus_1,user58@example.com,,
ch_529,2026-06-03 12:00:00,132.00,0.00,usd,Paid,cus_1,user24@example.com,,
ch_530,2026-07-04 12:00:00,27.00,0.00,usd,Paid,cus_1,user52@example.com,,
ch_531,2026-05-15 12:00:00,102.00,0.00,usd,Paid,cus_1,user6@example.com,,
ch_532,2025-01-21 12:00:00,109.00,0.00,usd,Paid,cus_1,user45@example.com,,
ch_533,2025-07-03 12:00:00,197.00,0.00,usd,Paid,cus_1,user7@example.com,,
ch_534,2025-08-25 12:00:00,57.00,0.00,usd,Paid,cus_1,user57@example.com,,
ch_535,2025-03-19 12:00:00,62.00,0.00,usd,Paid,cus_1,user48@example.com,,
ch_536,2026-04-30 12:00:00,197.00,0.00,usd,Paid,cus_1,user11@example.com,,
ch_537,2025-08-27 12:00:00,31.00,0.00,usd,Paid,cus_1,user41@example.com,,
ch_538,2026-03-31 12:00:00,159.00,0.00,usd,Paid,cus_1,user57@example.com,,
ch_539,2026-04-10 12:00:00,172.00,0.00,usd,Paid,cus_1,user52@example.com,,
ch_540,2025-09-09 12:00:00,22.00,0.00,usd,Paid,cus_1,user30@example.com,,
ch_541,2025-06-02 12:00:00,70.00,0.00,usd,Paid,cus_1,user11@example.com,,
ch_542,2025-11-10 12:00:00,38.00,0.00,usd,Paid,cus_1,user10@example.com,,
ch_543,2026-02-06 12:00:00,180.00,0.00,usd,Failed,cus_1,user51@example.com,,
ch_544,2025-11-06 12:00:00,66.00,0.00,usd,Paid,cus_1,user56@example.com,,
ch_545,2026-02-12 12:00:00,194.00,0.00,usd,Paid,cus_1,user57@example.com,,
ch_546,2026-01-01 12:00:00,174.00,0.00,usd,Paid,cus_1,user14@example.com,,
ch_547,2025-01-03 12:00:00,158.00,0.00,usd,Failed,cus_1,user10@example.com,,
ch_548,2026-04-11 12:00:00,179.00,0.00,usd,Paid,cus_1,user18@example.com,,
ch_549,2026-01-31 12:00:00,58.00,0.00,usd,Paid,cus_1,user21@example.com,,
ch_550,2025-09-14 12:00:00,20.00,0.00,usd,Paid,cus_1,user12@example.com,,
ch_551,2025-09-21 12:00:00,74.00,0.00,usd,Paid,cus_1,user3@example.com,,
ch_552,2025-02-07 12:00:00,137.00,0.00,usd,Paid,cus_1,user14@example.com,,
ch_553,2026-06-21 12:00:00,184.00,0.00,usd,Paid,cus_1,user47@example.com,,
ch_554,2025-03-21 12:00:00,174.00,0.00,usd,Paid,cus_1,user54@example.com,,
ch_555,2025-07-27 12:00:00,65.00,0.00,usd,Paid,cus_1,user27@example.com,,
ch_556,2025-06-10 12:00:00,63.00,0.00,usd,Paid,cus_1,user20@example.com,,
ch_557,2025-02-23 12:00:00,134.00,0.00,usd,Failed,cus_1,user32@example.com,,
ch_558,2026-01-02 12:00:00,93.00,0.00,usd,Failed,cus_1,user8@example.com,,
ch_559,2026-07-11 12:00:00,177.00,0.00,usd,Paid,cus_1,user3@example.com,,
ch_560,2025-09-07 12:00:00,49.00,0.00,usd,Paid,cus_1,user59@example.com,,
ch_561,2026-05-19 12:00:00,78.00,0.00,usd,Paid,cus_1,user20@example.com,,
ch_562,2025-04-25 12:00:00,191.00,0.00,usd,Paid,cus_1,user59@example.com,,
ch_563,2025-06-04 12:00:00,88.00,0.00,usd,Paid,cus_1,user16@example.com,,
ch_564,2025-04-28 12:00:00,24.00,0.00,usd,Paid,cus_1,user58@example.com,,
ch_565,2026-01-15 12:00:00,148.00,0.00,usd,Paid,cus_1,user3@example.com,,
ch_566,2025-12-02 12:00:00,60.00,0.00,usd,Paid,cus_1,user2@example.com,,
ch_567,2025-01-31 12:00:00,86.00,0.00,usd,Paid,cus_1,user1@example.com,,
ch_568,2025-10-26 12:00:00,143.00,0.00,usd,Failed,cus_1,user58@example.com,,
ch_569,2026-05-27 12:00:00,106.00,0.00,usd,Failed,cus_1,user5@example.com,,
ch_570,2025-07-24 12:00:00,64.00,0.00,usd,Paid,cus_1,user45@example.com,,
ch_571,2025-04-02 12:00:00,114.00,0.00,usd,Paid,cus_1,user23@example.com,,
ch_572,2025-07-18 12:00:00,138.00,0.00,usd,Paid,cus_1,user28@example.com,,
ch_573,2025-12-22 12:00:00,177.00,0.00,usd,Failed,cus_1,user55@example.com,,
ch_574,2025-03-22 12:00:00,83.00,0.00,usd,Paid,cus_1,user6@example.com,,
ch_575,2025-08-30 12:00:00,42.00,0.00,usd,Paid,cus_1,user33@example.com,,
ch_576,2026-01-14 12:00:00,40.00,0.00,usd,Paid,cus_1,user37@example.com,,
ch_577,2026-01-05 12:00:00,83.00,0.00,usd,Paid,cus_1,user18@example.com,,
ch_578,2025-11-14 12:00:00,51.00,0.00,usd,Paid,cus_1,user45@example.com,,
ch_579,2026-02-21 12:00:00,74.00,0.00,usd,Paid,cus_1,user8@example.com,,
ch_580,2025-07-21 12:00:00,40.00,0.00,usd,Paid,cus_1,user4@example.com,,
ch_581,2026-01-26 12:00:00,59.00,0.00,usd,Failed,cus_1,user15@example.com,,
ch_582,2025-11-05 12:00:00,85.00,0.00,usd,Failed,cus_1,user32@example.com,,
ch_583,2026-08-11 12:00:00,142.00,0.00,usd,Paid,cus_1,user7@example.com,,
ch_584,2025-04-22 12:00:00,188.00,0.00,usd,Paid,cus_1,user29@example.com,,
ch_585,2026-05-09 12:00:00,188.00,0.00,usd,Paid,cus_1,user56@example.com,,
ch_586,2025-08-06 12:00:00,170.00,0.00,usd,Paid,cus_1,user9@example.com,,
ch_587,2025-10-02 12:00:00,103.00,0.00,usd,Paid,cus_1,user56@example.com,,
ch_588,2025-02-16 12:00:00,189.00,0.00,usd,Paid,cus_1,user17@example.com,,
ch_589,2025-11-26 12:00:00,47.00,0.00,usd,Paid,cus_1,user13@example.com,,
ch_590,2026-01-18 12:00:00,140.00,0.00,usd,Paid,cus_1,user36@example.com,,
ch_591,2025-02-14 12:00:00,34.00,0.00,usd,Paid,cus_1,user8@example.com,,
ch_592,2026-04-11 12:00:00,147.00,0.00,usd,Paid,cus_1,user48@example.com,,
ch_593,2025-08-07 12:00:00,91.00,0.00,usd,Paid,cus_1,user39@example.com,,
ch_594,2025-06-09 12:00:00,92.00,0.00,usd,Paid,cus_1,user20@example.com,,
ch_595,2025-08-17 12:00:00,107.00,0.00,usd,Paid,cus_1,user12@example.com,,
ch_596,2025-05-05 12:00:00,126.00,0.00,usd,Paid,cus_1,user26@example.com,,
ch_597,2025-05-17 12:00:00,151.00,0.00,usd,Paid,cus_1,user5@example.com,,
ch_598,2026-02-02 12:00:00,27.00,0.00,usd,Paid,cus_1,user8@example.com,,
ch_599,2026-02-08 12:00:00,108.00,0.00,usd,Failed,cus_1,user48@example.com,,
ch_600,2026-06-13 12:00:00,121.00,0.00,usd,Failed,cus_1,user9@example.com,,
ch_601,2025-04-06 12:00:00,195.00,0.00,usd,Paid,cus_1,user14@example.com,,
ch_602,2025-07-24 12:00:00,144.00,0.00,usd,Paid,cus_1,user24@example.com,,
ch_603,2025-11-22 12:00:00,84.00,0.00,usd,Paid,cus_1,user55@example.com,,
ch_604,2025-01-10 12:00:00,155.00,0.00,usd,Paid,cus_1,user53@example.com,,
ch_605,2025-09-24 12:00:00,26.00,0.00,usd,Paid,cus_1,user47@example.com,,
ch_606,2026-06-19 12:00:00,120.00,0.00,usd,Paid,cus_1,user10@example.com,,
ch_607,2025-09-23 12:00:00,45.00,0.00,usd,Paid,cus_1,user7@example.com,,
ch_608,2026-05-05 12:00:00,123.00,0.00,usd,Paid,cus_1,user31@example.com,,
ch_609,2025-03-25 12:00:00,164.00,0.00,usd,Paid,cus_1,user14@example.com,,
ch_610,2025-12-12 12:00:00,118.00,0.00,usd,Failed,cus_1,user43@example.com,,
ch_611,2025-12-18 12:00:00,111.00,0.00,usd,Paid,cus_1,user15@example.com,,
ch_612,2026-02-24 12:00:00,55.00,0.00,usd,Paid,cus_1,user43@example.com,,
ch_613,2026-02-15 12:00:00,179.00,0.00,usd,Paid,cus_1,user15@example.com,,
ch_614,2025-07-12 12:00:00,165.00,0.00,usd,Paid,cus_1,user36@example.com,,
ch_615,2025-12-14 12:00:00,67.00,0.00,usd,Paid,cus_1,user57@example.com,,
ch_616,2025-08-02 12:00:00,127.00,0.00,usd,Paid,cus_1,user59@example.com,,
ch_617,2026-06-10 12:00:00,105.00,0.00,usd,Paid,cus_1,user48@example.com,,
ch_618,2026-01-06 12:00:00,109.00,0.00,usd,Paid,cus_1,user58@example.com,,
ch_619,2025-08-22 12:00:00,109.00,0.00,usd,Paid,cus_1,user4@example.com,,
ch_620,2025-08-19 12:00:00,139.00,0.00,usd,Paid,cus_1,user22@example.com,,
ch_621,2026-01-13 12:00:00,43.00,0.00,usd,Paid,cus_1,user32@example.com,,
ch_622,2026-03-05 12:00:00,116.00,0.00,usd,Paid,cus_1,user4@example.com,,
ch_623,2026-04-14 12:00:00,139.00,0.00,usd,Paid,cus_1,user16@example.com,,
ch_624,2025-01-15 12:00:00,155.00,0.00,usd,Paid,cus_1,user27@example.com,,
ch_625,2025-08-31 12:00:00,109.00,0.00,usd,Paid,cus_1,user51@example.com,,
ch_626,2025-12-06 12:00:00,132.00,0.00,usd,Paid,cus_1,user48@example.com,,
ch_627,2025-01-12 12:00:00,57.00,0.00,usd,Paid,cus_1,user50@example.com,,
ch_628,2025-04-12 12:00:00,77.00,0.00,usd,Paid,cus_1,user23@example.com,,
ch_629,2025-08-18 12:00:00,164.00,0.00,usd,Paid,cus_1,user28@example.com,,
ch_630,2026-01-02 12:00:00,114.00,0.00,usd,Paid,cus_1,user44@example.com,,
ch_631,2025-07-06 12:00:00,119.00,0.00,usd,Paid,cus_1,user22@example.com,,
ch_632,2025-12-22 12:00:00,189.00,0.00,usd,Paid,cus_1,user59@example.com,,
ch_633,2026-08-08 12:00:00,124.00,0.00,usd,Paid,cus_1,user32@example.com,,
ch_634,2025-09-24 12:00:00,137.00,0.00,usd,Paid,cus_1,user3@example.com,,
ch_635,2025-04-17 12:00:00,162.00,0.00,usd,Paid,cus_1,user47@example.com,,
ch_636,2025-11-14 12:00:00,74.00,0.00,usd,Paid,cus_1,user35@example.com,,
ch_637,2026-08-23 12:00:00,71.00,0.00,usd,Paid,cus_1,user17@example.com,,
ch_638,2025-04-05 12:00:00,126.00,0.00,usd,Paid,cus_1,user43@example.com,,
ch_639,2026-06-03 12:00:00,93.00,0.00,usd,Paid,cus_1,user38@example.com,,
ch_640,2026-05-13 12:00:00,43.00,0.00,usd,Paid,cus_1,user14@example.com,,
ch_641,2025-07-24 12:00:00,143.00,0.00,usd,Paid,cus_1,user32@example.com,,
ch_642,2026-01-03 12:00:00,165.00,0.00,usd,Paid,cus_1,user5@example.com,,
ch_643,2025-02-02 12:00:00,40.00,0.00,usd,Paid,cus_1,user15@example.com,,
ch_644,2026-03-30 12:00:00,43.00,0.00,usd,Paid,cus_1,user56@example.com,,
ch_645,2025-02-03 12:00:00,132.00,0.00,usd,Paid,cus_1,user5@example.com,,
ch_646,2026-04-28 12:00:00,36.00,0.00,usd,Paid,cus_1,user9@example.com,,
ch_647,2026-05-22 12:00:00,52.00,0.00,usd,Paid,cus_1,user27@example.com,,
ch_648,2026-05-06 12:00:00,95.00,0.00,usd,Paid,cus_1,user38@example.com,,
ch_649,2025-09-14 12:00:00,159.00,0.00,usd,Paid,cus_1,user38@example.com,,
ch_650,2025-04-04 12:00:00,180.00,0.00,usd,Paid,cus_1,user35@example.com,,
ch_651,2026-01-10 12:00:00,28.00,0.00,usd,Paid,cus_1,user34@example.com,,
ch_652,2026-07-28 12:00:00,58.00,0.00,usd,Paid,cus_1,user48@example.com,,
ch_653,2026-01-26 12:00:00,30.00,0.00,usd,Paid,cus_1,user21@example.com,,
ch_654,2026-01-28 12:00:00,162.00,0.00,usd,Paid,cus_1,user38@example.com,,
ch_655,2026-04-07 12:00:00,98.00,0.00,usd,Paid,cus_1,user13@example.com,,
ch_656,2026-03-14 12:00:00,143.00,0.00,usd,Paid,cus_1,user24@example.com,,
ch_657,2025-09-16 12:00:00,21.00,0.00,usd,Paid,cus_1,user19@example.com,,
ch_658,2025-08-14 12:00:00,165.00,0.00,usd,Failed,cus_1,user24@example.com,,
ch_659,2025-01-14 12:00:00,120.00,0.00,usd,Paid,cus_1,user41@example.com,,
ch_660,2025-04-03 12:00:00,82.00,0.00,usd,Paid,cus_1,user26@example.com,,
ch_661,2026-06-24 12:00:00,134.00,0.00,usd,Paid,cus_1,user54@example.com,,
ch_662,2025-11-15 12:00:00,149.00,0.00,usd,Paid,cus_1,user9@example.com,,
ch_663,2026-05-21 12:00:00,144.00,0.00,usd,Failed,cus_1,user23@example.com,,
ch_664,2025-06-03 12:00:00,160.00,0.00,usd,Paid,cus_1,user13@example.com,,
ch_665,2025-10-02 12:00:00,158.00,0.00,usd,Paid,cus_1,user31@example.com,,
ch_666,2026-04-09 12:00:00,56.00,0.00,usd,Paid,cus_1,user20@example.com,,
ch_667,2026-02-14 12:00:00,133.00,0.00,usd,Paid,cus_1,user53@example.com,,
ch_668,2026-04-15 12:00:00,171.00,0.00,usd,Paid,cus_1,user45@example.com,,
ch_669,2026-02-11 12:00:00,192.00,0.00,usd,Failed,cus_1,user36@example.com,,
ch_670,2025-03-27 12:00:00,25.00,0.00,usd,Paid,cus_1,user35@example.com,,
ch_671,2025-08-17 12:00:00,83.00,0.00,usd,Failed,cus_1,user43@example.com,,
ch_672,2025-12-22 12:00:00,130.00,0.00,usd,Paid,cus_1,user48@example.com,,
ch_673,2025-04-09 12:00:00,41.00,0.00,usd,Paid,cus_1,user49@example.com,,
ch_674,2025-08-28 12:00:00,185.00,0.00,usd,Paid,cus_1,user15@example.com,,
ch_675,2025-07-25 12:00:00,155.00,0.00,usd,Paid,cus_1,user35@example.com,,
ch_676,2025-03-28 12:00:00,150.00,0.00,usd,Paid,cus_1,user3@example.com,,
ch_677,2025-11-04 12:00:00,183.00,0.00,usd,Paid,cus_1,user37@example.com,,
ch_678,2025-12-08 12:00:00,109.00,0.00,usd,Paid,cus_1,user23@example.com,,
ch_679,2025-07-30 12:00:00,20.00,0.00,usd,Failed,cus_1,user37@example.com,,
ch_680,2026-05-27 12:00:00,53.00,0.00,usd,Paid,cus_1,user24@example.com,,
ch_681,2025-01-03 12:00:00,66.00,0.00,usd,Paid,cus_1,user16@example.com,,
ch_682,2026-01-10 12:00:00,75.00,0.00,usd,Paid,cus_1,user42@example.com,,
ch_683,2025-07-13 12:00:00,82.00,0.00,usd,Paid,cus_1,user57@example.com,,
ch_684,2026-08-24 12:00:00,71.00,0.00,usd,Paid,cus_1,user36@example.com,,
ch_685,2026-01-24 12:00:00,31.00,0.00,usd,Paid,cus_1,user37@example.com,,
ch_686,2025-01-02 12:00:00,180.00,0.00,usd,Paid,cus_1,user6@example.com,,
ch_687,2025-02-28 12:00:00,94.00,0.00,usd,Paid,cus_1,user35@example.com,,
ch_688,2026-02-07 12:00:00,176.00,0.00,usd,Paid,cus_1,user11@example.com,,
ch_689,2025-06-22 12:00:00,61.00,0.00,usd,Paid,cus_1,user52@example.com,,
ch_690,2025-05-31 12:00:00,147.00,0.00,usd,Paid,cus_1,user58@example.com,,
ch_691,2026-04-04 12:00:00,66.00,0.00,usd,Paid,cus_1,user17@example.com,,
ch_692,2025-12-25 12:00:00,133.00,0.00,usd,Paid,cus_1,user36@example.com,,
ch_693,2025-02-14 12:00:00,78.00,0.00,usd,Paid,cus_1,user54@example.com,,
ch_694,2025-10-03 12:00:00,81.00,0.00,usd,Paid,cus_1,user53@example.com,,
ch_695,2025-10-14 12:00:00,80.00,0.00,usd,Paid,cus_1,user53@example.com,,
ch_696,2026-05-17 12:00:00,125.00,0.00,usd,Paid,cus_1,user29@example.com,,
ch_697,2026-06-10 12:00:00,193.00,0.00,usd,Paid,cus_1,user51@example.com,,
ch_698,2025-11-20 12:00:00,31.00,0.00,usd,Paid,cus_1,user14@example.com,,
ch_699,2026-07-07 12:00:00,59.00,0.00,usd,Paid,cus_1,user7@example.com,,
ch_700,2026-07-12 12:00:00,38.00,0.00,usd,Paid,cus_1,user59@example.com,,
ch_701,2026-03-13 12:00:00,151.00,0.00,usd,Paid,cus_1,user38@example.com,,
ch_702,2026-04-15 12:00:00,44.00,0.00,usd,Paid,cus_1,user3@example.com,,
ch_703,2026-02-05 12:00:00,73.00,0.00,usd,Paid,cus_1,user44@example.com,,
ch_704,2025-08-05 12:00:00,130.00,0.00,usd,Paid,cus_1,user53@example.com,,
ch_705,2026-06-07 12:00:00,177.00,0.00,usd,Paid,cus_1,user38@example.com,,
ch_706,2026-04-28 12:00:00,115.00,0.00,usd,Paid,cus_1,user24@example.com,,
ch_707,2025-10-29 12:00:00,150.00,0.00,usd,Paid,cus_1,user20@example.com,,
ch_708,2025-06-30 12:00:00,127.00,0.00,usd,Paid,cus_1,user15@example.com,,
ch_709,2025-07-14 12:00:00,39.00,0.00,usd,Paid,cus_1,user5@example.com,,
ch_710,2025-09-18 12:00:00,194.00,0.00,usd,Paid,cus_1,user47@example.com,,
ch_711,2025-08-17 12:00:00,146.00,0.00,usd,Paid,cus_1,user55@example.com,,
ch_712,2025-02-04 12:00:00,120.00,0.00,usd,Paid,cus_1,user25@example.com,,
ch_713,2026-04-21 12:00:00,126.00,0.00,usd,Paid,cus_1,user3@example.com,,
ch_714,2025-10-20 12:00:00,79.00,0.00,usd,Paid,cus_1,user9@example.com,,
ch_715,2025-12-11 12:00:00,188.00,0.00,usd,Paid,cus_1,user57@example.com,,
ch_716,2025-10-31 12:00:00,176.00,0.00,usd,Failed,cus_1,user58@example.com,,
ch_717,2026-04-08 12:00:00,128.00,0.00,usd,Paid,cus_1,user23@example.com,,
ch_718,2025-11-17 12:00:00,86.00,0.00,usd,Paid,cus_1,user29@example.com,,
ch_719,2026-02-08 12:00:00,104.00,0.00,usd,Paid,cus_1,user37@example.com,,
ch_720,2025-08-04 12:00:00,194.00,0.00,usd,Paid,cus_1,user42@example.com,,
ch_721,2025-05-20 12:00:00,83.00,0.00,usd,Paid,cus_1,user56@example.com,,
ch_722,2025-05-28 12:00:00,148.00,0.00,usd,Paid,cus_1,user48@example.com,,
ch_723,2026-02-13 12:00:00,84.00,0.00,usd,Paid,cus_1,user26@example.com,,
ch_724,2025-11-20 12:00:00,56.00,0.00,usd,Paid,cus_1,user4@example.com,,
ch_725,2025-07-31 12:00:00,118.00,0.00,usd,Paid,cus_1,user25@example.com,,
ch_726,2026-06-07 12:00:00,161.00,0.00,usd,Paid,cus_1,user43@example.com,,
ch_727,2026-04-25 12:00:00,74.00,0.00,usd,Paid,cus_1,user8@example.com,,
ch_728,2026-01-25 12:00:00,48.00,0.00,usd,Paid,cus_1,user49@example.com,,
ch_729,2026-06-14 12:00:00,170.00,0.00,usd,Paid,cus_1,user29@example.com,,
ch_730,2026-05-10 12:00:00,159.00,0.00,usd,Paid,cus_1,user10@example.com,,
ch_731,2025-01-06 12:00:00,110.00,0.00,usd,Paid,cus_1,user36@example.com,,
ch_732,2026-04-16 12:00:00,54.00,0.00,usd,Paid,cus_1,user24@example.com,,
ch_733,2025-07-26 12:00:00,68.00,0.00,usd,Failed,cus_1,user3@example.com,,
ch_734,2025-12-15 12:00:00,70.00,0.00,usd,Paid,cus_1,user17@example.com,,
ch_735,2025-07-02 12:00:00,160.00,0.00,usd,Paid,cus_1,user32@example.com,,
ch_736,2026-06-25 12:00:00,126.00,0.00,usd,Paid,cus_1,user9@example.com,,
ch_737,2025-07-16 12:00:00,22.00,0.00,usd,Paid,cus_1,user26@example.com,,
ch_738,2025-03-15 12:00:00,67.00,0.00,usd,Paid,cus_1,user24@example.com,,
ch_739,2025-10-24 12:00:00,150.00,0.00,usd,Paid,cus_1,user18@example.com,,
ch_740,2025-05-22 12:00:00,63.00,0.00,usd,Paid,cus_1,user59@example.com,,
ch_741,2026-06-05 12:00:00,79.00,0.00,usd,Paid,cus_1,user55@example.com,,
ch_742,2026-04-05 12:00:00,179.00,0.00,usd,Paid,cus_1,user32@example.com,,
ch_743,2025-07-19 12:00:00,199.00,0.00,usd,Paid,cus_1,user13@example.com,,
ch_744,2026-01-21 12:00:00,103.00,0.00,usd,Paid,cus_1,user42@example.com,,
ch_745,2026-01-28 12:00:00,31.00,0.00,usd,Paid,cus_1,user5@example.com,,
ch_746,2025-06-11 12:00:00,146.00,0.00,usd,Paid,cus_1,user22@example.com,,
ch_747,2025-11-13 12:00:00,66.00,0.00,usd,Paid,cus_1,user44@example.com,,
ch_748,2026-05-09 12:00:00,138.00,0.00,usd,Paid,cus_1,user22@example.com,,
ch_749,2025-12-22 12:00:00,178.00,0.00,usd,Paid,cus_1,user47@example.com,,
ch_750,2026-07-07 12:00:00,75.00,0.00,usd,Paid,cus_1,user8@example.com,,
ch_751,2025-09-05 12:00:00,126.00,0.00,usd,Paid,cus_1,user15@example.com,,
ch_752,2025-09-21 12:00:00,96.00,0.00,usd,Paid,cus_1,user57@example.com,,
ch_753,2026-04-20 12:00:00,105.00,0.00,usd,Paid,cus_1,user1@example.com,,
ch_754,2026-05-19 12:00:00,200.00,0.00,usd,Paid,cus_1,user8@example.com,,
ch_755,2025-01-28 12:00:00,128.00,0.00,usd,Paid,cus_1,user11@example.com,,
ch_756,2025-10-20 12:00:00,163.00,0.00,usd,Paid,cus_1,user12@example.com,,
ch_757,2026-02-13 12:00:00,198.00,0.00,usd,Paid,cus_1,user15@example.com,,
ch_758,2026-05-11 12:00:00,107.00,0.00,usd,Paid,cus_1,user28@example.com,,
ch_759,2025-11-13 12:00:00,40.00,0.00,usd,Paid,cus_1,user33@example.com,,
ch_760,2025-11-19 12:00:00,60.00,0.00,usd,Paid,cus_1,user3@example.com,,
ch_761,2026-01-06 12:00:00,140.00,0.00,usd,Paid,cus_1,user54@example.com,,
ch_762,2025-02-13 12:00:00,28.00,0.00,usd,Paid,cus_1,user59@example.com,,
ch_763,2026-05-04 12:00:00,137.00,0.00,usd,Paid,cus_1,user49@example.com,,
ch_764,2026-03-16 12:00:00,82.00,0.00,usd,Paid,cus_1,user11@example.com,,
ch_765,2025-04-17 12:00:00,82.00,0.00,usd,Paid,cus_1,user19@example.com,,
ch_766,2025-08-24 12:00:00,26.00,0.00,usd,Paid,cus_1,user13@example.com,,
ch_767,2026-03-16 12:00:00,190.00,0.00,usd,Paid,cus_1,user57@example.com,,
ch_768,2026-05-23 12:00:00,91.00,0.00,usd,Paid,cus_1,user7@example.com,,
ch_769,2026-04-23 12:00:00,55.00,0.00,usd,Paid,cus_1,user20@example.com,,
ch_770,2025-11-15 12:00:00,170.00,0.00,usd,Paid,cus_1,user21@example.com,,
ch_771,2025-02-06 12:00:00,96.00,0.00,usd,Paid,cus_1,user16@example.com,,
ch_772,2026-04-21 12:00:00,148.00,0.00,usd,Paid,cus_1,user14@example.com,,
ch_773,2025-01-04 12:00:00,100.00,0.00,usd,Paid,cus_1,user7@example.com,,
ch_774,2025-03-08 12:00:00,129.00,0.00,usd,Paid,cus_1,user16@example.com,,
ch_775,2025-02-13 12:00:00,55.00,0.00,usd,Paid,cus_1,user19@example.com,,
ch_776,2026-01-19 12:00:00,107.00,0.00,usd,Paid,cus_1,user58@example.com,,
ch_777,2025-07-03 12:00:00,33.00,0.00,usd,Paid,cus_1,user53@example.com,,
ch_778,2025-12-01 12:00:00,61.00,0.00,usd,Failed,cus_1,user14@example.com,,
ch_779,2026-05-07 12:00:00,61.00,0.00,usd,Failed,cus_1,user27@example.com,,
ch_780,2026-07-14 12:00:00,121.00,0.00,usd,Paid,cus_1,user19@example.com,,
ch_781,2025-04-04 12:00:00,176.00,0.00,usd,Paid,cus_1,user55@example.com,,
ch_782,2025-06-16 12:00:00,170.00,0.00,usd,Paid,cus_1,user31@example.com,,
ch_783,2025-05-24 12:00:00,36.00,0.00,usd,Paid,cus_1,user35@example.com,,
ch_784,2026-07-01 12:00:00,142.00,0.00,usd,Failed,cus_1,user38@example.com,,
ch_785,2026-07-06 12:00:00,53.00,0.00,usd,Paid,cus_1,user2@example.com,,
ch_786,2026-07-05 12:00:00,97.00,0.00,usd,Paid,cus_1,user51@example.com,,
ch_787,2026-08-09 12:00:00,138.00,0.00,usd,Paid,cus_1,user36@example.com,,
ch_788,2025-12-24 12:00:00,161.00,0.00,usd,Paid,cus_1,user33@example.com,,
ch_789,2026-01-10 12:00:00,165.00,0.00,usd,Paid,cus_1,user11@example.com,,
ch_790,2026-03-14 12:00:00,76.00,0.00,usd,Paid,cus_1,user52@example.com,,
ch_791,2026-01-16 12:00:00,188.00,0.00,usd,Paid,cus_1,user46@example.com,,
ch_792,2025-09-06 12:00:00,36.00,0.00,usd,Failed,cus_1,user16@example.com,,
ch_793,2025-10-27 12:00:00,151.00,0.00,usd,Paid,cus_1,user18@example.com,,
ch_794,2026-05-05 12:00:00,143.00,0.00,usd,Paid,cus_1,user54@example.com,,
ch_795,2025-04-05 12:00:00,192.00,0.00,usd,Failed,cus_1,user33@example.com,,
ch_796,2026-07-15 12:00:00,70.00,0.00,usd,Paid,cus_1,user36@example.com,,
ch_797,2026-08-19 12:00:00,153.00,0.00,usd,Paid,cus_1,user18@example.com,,
ch_798,2025-03-09 12:00:00,162.00,0.00,usd,Failed,cus_1,user14@example.com,,
ch_799,2025-06-23 12:00:00,57.00,0.00,usd,Paid,cus_1,user40@example.com,,
ch_800,2025-11-18 12:00:00,182.00,0.00,usd,Paid,cus_1,user38@example.com,,
ch_801,2026-04-22 12:00:00,190.00,0.00,usd,Paid,cus_1,user56@example.com,,
ch_802,2025-01-01 12:00:00,71.00,0.00,usd,Paid,cus_1,user1@example.com,,
ch_803,2025-03-20 12:00:00,119.00,0.00,usd,Paid,cus_1,user57@example.com,,
ch_804,2026-03-24 12:00:00,68.00,0.00,usd,Paid,cus_1,user0@example.com,,
ch_805,2026-03-13 12:00:00,28.00,0.00,usd,Paid,cus_1,user3@example.com,,
ch_806,2026-02-07 12:00:00,48.00,0.00,usd,Paid,cus_1,user23@example.com,,
ch_807,2026-07-20 12:00:00,173.00,0.00,usd,Paid,cus_1,user54@example.com,,
ch_808,2026-01-25 12:00:00,153.00,0.00,usd,Paid,cus_1,user47@example.com,,
ch_809,2025-11-22 12:00:00,145.00,0.00,usd,Paid,cus_1,user29@example.com,,
ch_810,2025-08-29 12:00:00,123.00,0.00,usd,Paid,cus_1,user5@example.com,,
ch_811,2026-03-20 12:00:00,173.00,0.00,usd,Failed,cus_1,user24@example.com,,
ch_812,2025-01-20 12:00:00,108.00,0.00,usd,Paid,cus_1,user18@example.com,,
ch_813,2025-08-26 12:00:00,121.00,0.00,usd,Paid,cus_1,user25@example.com,,
ch_814,2026-01-14 12:00:00,32.00,0.00,usd,Paid,cus_1,user26@example.com,,
ch_815,2026-03-15 12:00:00,170.00,0.00,usd,Paid,cus_1,user44@example.com,,
ch_816,2025-05-29 12:00:00,104.00,0.00,usd,Paid,cus_1,user9@example.com,,
ch_817,2026-05-19 12:00:00,125.00,0.00,usd,Paid,cus_1,user48@example.com,,
ch_818,2025-01-07 12:00:00,113.00,0.00,usd,Paid,cus_1,user23@example.com,,
ch_819,2025-03-24 12:00:00,118.00,0.00,usd,Paid,cus_1,user45@example.com,,
ch_820,2025-02-07 12:00:00,56.00,0.00,usd,Paid,cus_1,user46@example.com,,
ch_821,2025-11-13 12:00:00,87.00,0.00,usd,Paid,cus_1,user2@example.com,,
ch_822,2025-03-23 12:00:00,52.00,0.00,usd,Paid,cus_1,user15@example.com,,
ch_823,2025-11-22 12:00:00,73.00,0.00,usd,Paid,cus_1,user28@example.com,,
ch_824,2025-07-23 12:00:00,124.00,0.00,usd,Paid,cus_1,user8@example.com,,
ch_825,2025-11-15 12:00:00,171.00,0.00,usd,Paid,cus_1,user29@example.com,,
ch_826,2025-01-26 12:00:00,166.00,0.00,usd,Paid,cus_1,user46@example.com,,
ch_827,2025-05-05 12:00:00,28.00,0.00,usd,Paid,cus_1,user26@example.com,,
ch_828,2025-10-26 12:00:00,151.00,0.00,usd,Paid,cus_1,user3@example.com,,
ch_829,2025-03-14 12:00:00,174.00,0.00,usd,Paid,cus_1,user49@example.com,,
ch_830,2026-06-10 12:00:00,158.00,0.00,usd,Paid,cus_1,user46@example.com,,
ch_831,2025-10-02 12:00:00,197.00,0.00,usd,Paid,cus_1,user35@example.com,,
ch_832,2026-03-28 12:00:00,139.00,0.00,usd,Failed,cus_1,user39@example.com,,
ch_833,2025-03-25 12:00:00,164.00,0.00,usd,Paid,cus_1,user6@example.com,,
ch_834,2025-11-04 12:00:00,78.00,0.00,usd,Paid,cus_1,user15@example.com,,
ch_835,2025-04-29 12:00:00,72.00,0.00,usd,Paid,cus_1,user41@example.com,,
ch_836,2026-02-07 12:00:00,123.00,0.00,usd,Paid,cus_1,user52@example.com,,
ch_837,2026-08-02 12:00:00,79.00,0.00,usd,Paid,cus_1,user41@example.com,,
ch_838,2025-07-31 12:00:00,144.00,0.00,usd,Failed,cus_1,user57@example.com,,
ch_839,2025-06-07 12:00:00,195.00,0.00,usd,Paid,cus_1,user24@example.com,,
ch_840,2026-04-01 12:00:00,111.00,0.00,usd,Paid,cus_1,user38@example.com,,
ch_841,2026-05-08 12:00:00,183.00,0.00,usd,Paid,cus_1,user49@example.com,,
ch_842,2025-03-02 12:00:00,83.00,0.00,usd,Failed,cus_1,user57@example.com,,
ch_843,2025-10-18 12:00:00,64.00,0.00,usd,Paid,cus_1,user38@example.com,,
ch_844,2026-04-26 12:00:00,37.00,0.00,usd,Paid,cus_1,user5@example.com,,
ch_845,2025-09-25 12:00:00,198.00,0.00,usd,Paid,cus_1,user19@example.com,,
ch_846,2025-05-13 12:00:00,159.00,0.00,usd,Paid,cus_1,user20@example.com,,
ch_847,2025-03-23 12:00:00,57.00,0.00,usd,Paid,cus_1,user58@example.com,,
ch_848,2025-05-14 12:00:00,64.00,0.00,usd,Paid,cus_1,user39@example.com,,
ch_849,2026-07-02 12:00:00,20.00,0.00,usd,Paid,cus_1,user4@example.com,,
ch_850,2026-07-07 12:00:00,112.00,0.00,usd,Paid,cus_1,user3@example.com,,
ch_851,2026-06-22 12:00:00,185.00,0.00,usd,Paid,cus_1,user4@example.com,,
ch_852,2026-04-16 12:00:00,136.00,0.00,usd,Failed,cus_1,user58@example.com,,
ch_853,2025-01-19 12:00:00,90.00,0.00,usd,Paid,cus_1,user28@example.com,,
ch_854,2025-03-24 12:00:00,108.00,0.00,usd,Paid,cus_1,user11@example.com,,
ch_855,2025-07-01 12:00:00,166.00,0.00,usd,Paid,cus_1,user36@example.com,,
ch_856,2026-02-09 12:00:00,69.00,0.00,usd,Failed,cus_1,user42@example.com,,
ch_857,2025-08-18 12:00:00,59.00,0.00,usd,Paid,cus_1,user7@example.com,,
ch_858,2025-12-23 12:00:00,154.00,0.00,usd,Paid,cus_1,user38@example.com,,
ch_859,2025-04-16 12:00:00,179.00,0.00,usd,Paid,cus_1,user43@example.com,,
ch_860,2025-07-01 12:00:00,148.00,0.00,usd,Paid,cus_1,user6@example.com,,
ch_861,2025-11-04 12:00:00,42.00,0.00,usd,Failed,cus_1,user7@example.com,,
ch_862,2026-08-09 12:00:00,102.00,0.00,usd,Paid,cus_1,user28@example.com,,
ch_863,2026-08-13 12:00:00,168.00,0.00,usd,Paid,cus_1,user28@example.com,,
ch_864,2025-10-23 12:00:00,149.00,0.00,usd,Paid,cus_1,user50@example.com,,
ch_865,2026-06-30 12:00:00,138.00,0.00,usd,Failed,cus_1,user9@example.com,,
ch_866,2025-11-08 12:00:00,169.00,0.00,usd,Paid,cus_1,user58@example.com,,
ch_867,2025-03-21 12:00:00,190.00,0.00,usd,Paid,cus_1,user2@example.com,,
ch_868,2026-08-05 12:00:00,121.00,0.00,usd,Paid,cus_1,user31@example.com,,
ch_869,2026-08-20 12:00:00,187.00,0.00,usd,Paid,cus_1,user42@example.com,,
ch_870,2025-09-26 12:00:00,51.00,0.00,usd,Failed,cus_1,user18@example.com,,
ch_871,2026-03-23 12:00:00,76.00,0.00,usd,Paid,cus_1,user24@example.com,,
ch_872,2026-07-08 12:00:00,169.00,0.00,usd,Paid,cus_1,user25@example.com,,
ch_873,2025-05-10 12:00:00,84.00,0.00,usd,Paid,cus_1,user43@example.com,,
ch_874,2025-09-17 12:00:00,80.00,0.00,usd,Paid,cus_1,user5@example.com,,
ch_875,2025-09-22 12:00:00,117.00,0.00,usd,Paid,cus_1,user8@example.com,,
ch_876,2025-09-05 12:00:00,144.00,0.00,usd,Paid,cus_1,user29@example.com,,
ch_877,2026-02-21 12:00:00,40.00,0.00,usd,Paid,cus_1,user37@example.com,,
ch_878,2026-04-25 12:00:00,29.00,0.00,usd,Paid,cus_1,user12@example.com,,
ch_879,2026-02-08 12:00:00,164.00,0.00,usd,Failed,cus_1,user43@example.com,,
ch_880,2025-09-24 12:00:00,177.00,0.00,usd,Failed,cus_1,user48@example.com,,
ch_881,2025-05-12 12:00:00,54.00,0.00,usd,Paid,cus_1,user3@example.com,,
ch_882,2025-01-19 12:00:00,184.00,0.00,usd,Paid,cus_1,user28@example.com,,
ch_883,2025-01-04 12:00:00,108.00,0.00,usd,Paid,cus_1,user52@example.com,,
ch_884,2026-04-02 12:00:00,103.00,0.00,usd,Paid,cus_1,user44@example.com,,
ch_885,2025-08-03 12:00:00,132.00,0.00,usd,Failed,cus_1,user13@example.com,,
ch_886,2025-07-24 12:00:00,119.00,0.00,usd,Paid,cus_1,user49@example.com,,
ch_887,2026-03-30 12:00:00,91.00,0.00,usd,Paid,cus_1,user10@example.com,,
ch_888,2025-11-04 12:00:00,191.00,0.00,usd,Paid,cus_1,user49@example.com,,
ch_889,2026-07-15 12:00:00,38.00,0.00,usd,Paid,cus_1,user39@example.com,,
ch_890,2026-05-07 12:00:00,166.00,0.00,usd,Failed,cus_1,user34@example.com,,
ch_891,2025-09-07 12:00:00,44.00,0.00,usd,Paid,cus_1,user7@example.com,,
ch_892,2026-04-06 12:00:00,149.00,0.00,usd,Paid,cus_1,user10@example.com,,
ch_893,2025-04-26 12:00:00,198.00,0.00,usd,Paid,cus_1,user33@example.com,,
ch_894,2026-01-22 12:00:00,168.00,0.00,usd,Paid,cus_1,user33@example.com,,
ch_895,2025-04-09 12:00:00,135.00,0.00,usd,Paid,cus_1,user7@example.com,,
ch_896,2025-03-31 12:00:00,141.00,0.00,usd,Paid,cus_1,user36@example.com,,
ch_897,2026-06-11 12:00:00,97.00,0.00,usd,Paid,cus_1,user21@example.com,,
ch_898,2026-01-29 12:00:00,82.00,0.00,usd,Paid,cus_1,user9@example.com,,
ch_899,2026-05-29 12:00:00,164.00,0.00,usd,Paid,cus_1,user4@example.com,,
